Sample_ID,Sample_details,Test,Results,Units,Absorbance,QC_Pro_result,Operator,Man_Dil_Factor,Auto_Dil_Factor,Date_Time,Total_dil_factor,Sample_Type,error_codes,Cup_number
Standard 1,,Ammonia_water_low, 0.0115,mg N/L,0.011547, ,ad,1,1,2022-11-15 11:20:06,1,S1,,
Standard 90,,Ammonia_water_low, 0.0254,mg N/L,0.025373, ,ad,1,1,2022-11-15 11:21:02,1,S90,,
Standard 91,,Ammonia_water_low, 0.0436,mg N/L,0.043621, ,ad,1,1,2022-11-15 11:21:59,1,S91,,
Standard 92,,Ammonia_water_low, 0.0702,mg N/L,0.070223, ,ad,1,1,2022-11-15 11:22:54,1,S92,,
Standard 93,,Ammonia_water_low, 0.1596,mg N/L,0.159601, ,ad,1,1,2022-11-15 11:23:50,1,S93,,
Standard 94,,Ammonia_water_low, 0.3013,mg N/L,0.301294, ,ad,1,1,2022-11-15 11:24:46,1,S94,,
Standard 95,,Ammonia_water_low, 0.4484,mg N/L,0.448448, ,ad,1,1,2022-11-15 11:25:42,1,S95,,
Standard 96,,Ammonia_water_low, 0.5865,mg N/L,0.586513, ,ad,1,1,2022-11-15 11:26:38,1,S96,,
Standard 0,,Ammonia_water_low, 0.0105,mg N/L,0.010465, ,ad,1,1,2022-11-15 11:27:34,1,S0,,
CCV,,Ammonia_water_low, 0.5395,mg N/L,0.324199,0.00,ad,1,1,2022-11-15 11:28:30,1,C11,,
CCB,,Ammonia_water_low,-0.0018,mg N/L,0.012759,0.00,ad,1,1,2022-11-15 11:29:26,1,C12,,
GBL_NH3_NA1_20221104,,Ammonia_water_low, 0.0039,mg N/L,0.016035, ,ad,1,1,2022-11-15 11:30:22,1,U1,,3
GBL_NH3_NA2_20221104,,Ammonia_water_low, 0.0904,mg N/L,0.065830, ,ad,1,1,2022-11-15 11:31:18,1,U2,,4
GBL_NH3_NA3_20221104,,Ammonia_water_low, 0.3935,mg N/L,0.240194, ,ad,1,1,2022-11-15 11:32:14,1,U3,,5
GBL_NH3_NA4_20221104,,Ammonia_water_low, 1.0000,mg N/L,0.301477, ,ad,1,2.00,2022-11-15 12:11:30,2.00,U4,,6
GBL_NH3_NA5_20221104,,Ammonia_water_low, 1.9766,mg N/L,0.298124, ,ad,1,4.00,2022-11-15 12:45:09,4.00,U5,,7
GBL_NH3_NA6_20221104,,Ammonia_water_low, 2.4143,mg N/L,0.361086, ,ad,1,4.00,2022-11-15 12:46:06,4.00,U6,,8
GBL_NH3_NA7_20221104,,Ammonia_water_low, 4.1128,mg N/L,0.605415, ,ad,1,4.00,2022-11-15 12:47:01,4.00,U7,ELH ,9
GBL_NH3_NA8_20221104,,Ammonia_water_low, 7.2259,mg N/L,1.053224, ,ad,1,4.00,2022-11-15 12:47:57,4.00,U8,ELH ,10
GBL_NH3_NA9_20221104,,Ammonia_water_low, 7.6962,mg N/L,1.120883, ,ad,1,4.00,2022-11-15 12:48:51,4.00,U9,ELH ,11
GBL_NH3_NA10_20221104,,Ammonia_water_low, 9.6046,mg N/L,1.395401, ,ad,1,4.00,2022-11-15 12:49:47,4.00,U10,ELH ,12
Duplicate,,Ammonia_water_low, 9.4317,mg N/L,1.370530,1.82,ad,1,4.00,2022-11-15 12:50:44,4.00,C13,,12
GBL_NH3_NA11_20221104,,Ammonia_water_low, 6.8586,mg N/L,1.000388, ,ad,1,4.00,2022-11-15 12:51:39,4.00,U11,ELH ,13
GBL_NH3_NA12_20221104,,Ammonia_water_low, 8.7947,mg N/L,1.278896, ,ad,1,4.00,2022-11-15 12:52:35,4.00,U12,ELH ,14
GBL_NH3_NA13_20221104,,Ammonia_water_low, 7.2817,mg N/L,1.061260, ,ad,1,4.00,2022-11-15 12:53:31,4.00,U13,ELH ,15
GBL_NH3_NA14_20221104,,Ammonia_water_low, 6.2187,mg N/L,0.908349, ,ad,1,4.00,2022-11-15 12:54:28,4.00,U14,ELH ,16
GBL_NH3_NA15_20221104,,Ammonia_water_low, 3.9696,mg N/L,0.584818, ,ad,1,4.00,2022-11-15 12:55:23,4.00,U15,,17
CCV,,Ammonia_water_low, 0.5234,mg N/L,0.314945,0.00,ad,1,1,2022-11-15 11:45:18,1,C11,,
CCB,,Ammonia_water_low,-0.0040,mg N/L,0.011508,0.00,ad,1,1,2022-11-15 11:46:12,1,C12,,
GBL_NH3_NA16_20221104,,Ammonia_water_low, 2.5238,mg N/L,0.376829, ,ad,1,4.00,2022-11-15 12:56:19,4.00,U16,,18
GBL_NH3_NA17_20221104,,Ammonia_water_low, 1.7163,mg N/L,0.507559, ,ad,1,2.00,2022-11-15 12:24:32,2.00,U17,,19
GBL_NH3_NA18_20221104,,Ammonia_water_low, 1.0197,mg N/L,0.307158, ,ad,1,2.00,2022-11-15 12:27:20,2.00,U18,,20
GBL_NH3_NA19_20221104,,Ammonia_water_low, 0.3512,mg N/L,0.215864, ,ad,1,1,2022-11-15 11:49:56,1,U19,,21
GBL_NH3_NA20_20221104,,Ammonia_water_low, 0.1631,mg N/L,0.107651, ,ad,1,1,2022-11-15 11:50:52,1,U20,,22
GBL_NH3_HOR1_20221104,,Ammonia_water_low, 0.1334,mg N/L,0.090526, ,ad,1,1,2022-11-15 11:51:48,1,U21,,23
GBL_NH3_HOR2_20221104,,Ammonia_water_low, 0.0143,mg N/L,0.022019, ,ad,1,1,2022-11-15 11:52:44,1,U22,,24
Duplicate,,Ammonia_water_low, 0.0127,mg N/L,0.021117,11.59,ad,1,1,2022-11-15 11:53:40,1,C13,,24
CCV,,Ammonia_water_low, 0.5260,mg N/L,0.316432,0.00,ad,1,1,2022-11-15 11:54:36,1,C11,,
CCB,,Ammonia_water_low,-0.0030,mg N/L,0.012053,0.00,ad,1,1,2022-11-15 11:55:32,1,C12,,
CCV,,Ammonia_water_low, 0.5172,mg N/L,0.311394,0.00,ad,1,1,2022-11-15 12:09:37,1,C11,,
CCB,,Ammonia_water_low,-0.0036,mg N/L,0.011694,0.00,ad,1,1,2022-11-15 12:10:34,1,C12,,
CCV,,Ammonia_water_low, 0.5279,mg N/L,0.317568,0.00,ad,1,1,2022-11-15 12:25:28,1,C11,,
CCB,,Ammonia_water_low,-0.0035,mg N/L,0.011795,0.00,ad,1,1,2022-11-15 12:26:24,1,C12,,
CCV,,Ammonia_water_low, 0.5245,mg N/L,0.315576,0.00,ad,1,1,2022-11-15 12:28:17,1,C11,,
CCB,,Ammonia_water_low, 0.0001,mg N/L,0.013868,0.00,ad,1,1,2022-11-15 12:29:12,1,C12,,
CCV,,Ammonia_water_low, 0.5262,mg N/L,0.316582,0.00,ad,1,1,2022-11-15 12:43:16,1,C11,,
CCB,,Ammonia_water_low,-0.0039,mg N/L,0.011519,0.00,ad,1,1,2022-11-15 12:44:13,1,C12,,
CCV,,Ammonia_water_low, 0.5294,mg N/L,0.318402,0.00,ad,1,1,2022-11-15 12:57:15,1,C11,,
CCB,,Ammonia_water_low,-0.0035,mg N/L,0.011802,0.00,ad,1,1,2022-11-15 12:58:12,1,C12,,
