Sample_ID,Sample_details,Test,Results,Units,Absorbance,QC_Pro_result,Operator,Man_Dil_Factor,Auto_Dil_Factor,Date_Time,Total_dil_factor,Sample_Type,error_codes,Cup_number
Standard 1,,Ammonia_water_low, 0.0115,mg N/L,0.011451, ,ad,1,1,2022-11-16 14:19:39,1,S1,,
Standard 1,,o-Phosphate_water,  0.001,ug/L,0.000737, ,ad,1,1,2022-11-16 14:06:31,1,S1,,
Standard 90,,Ammonia_water_low, 0.0259,mg N/L,0.025939, ,ad,1,1,2022-11-16 14:20:35,1,S90,,
Standard 90,,o-Phosphate_water,  0.002,ug/L,0.002397, ,ad,1,1,2022-11-16 14:06:59,1,S90,,
Standard 91,,Ammonia_water_low, 0.0432,mg N/L,0.043179, ,ad,1,1,2022-11-16 14:21:31,1,S91,,
Standard 91,,o-Phosphate_water,  0.005,ug/L,0.005476, ,ad,1,1,2022-11-16 14:07:29,1,S91,,
Standard 92,,Ammonia_water_low, 0.0793,mg N/L,0.079282, ,ad,1,1,2022-11-16 14:22:27,1,S92,,
Standard 92,,o-Phosphate_water,  0.012,ug/L,0.011972, ,ad,1,1,2022-11-16 14:07:57,1,S92,,
Standard 93,,Ammonia_water_low, 0.1597,mg N/L,0.159690, ,ad,1,1,2022-11-16 14:23:23,1,S93,,
Standard 93,,o-Phosphate_water,  0.031,ug/L,0.030873, ,ad,1,1,2022-11-16 14:08:28,1,S93,,
Standard 94,,Ammonia_water_low, 0.3011,mg N/L,0.301124, ,ad,1,1,2022-11-16 14:24:19,1,S94,,
Standard 94,,o-Phosphate_water,  0.063,ug/L,0.062943, ,ad,1,1,2022-11-16 14:08:56,1,S94,,
Standard 95,,Ammonia_water_low, 0.4550,mg N/L,0.455002, ,ad,1,1,2022-11-16 14:25:15,1,S95,,
Standard 95,,o-Phosphate_water,  0.095,ug/L,0.095145, ,ad,1,1,2022-11-16 14:09:28,1,S95,,
Standard 96,,Ammonia_water_low, 0.6279,mg N/L,0.627894, ,ad,1,1,2022-11-16 14:26:11,1,S96,,
Standard 96,,o-Phosphate_water,  0.124,ug/L,0.123507, ,ad,1,1,2022-11-16 14:09:56,1,S96,,
Standard 0,,Ammonia_water_low, 0.0110,mg N/L,0.010988, ,ad,1,1,2022-11-16 14:27:07,1,S0,,
Standard 0,,o-Phosphate_water,  0.001,ug/L,0.000753, ,ad,1,1,2022-11-16 14:10:28,1,S0,,
CCV,,Ammonia_water_low, 0.5003,mg N/L,0.313464,0.00,ad,1,1,2022-11-16 14:28:03,1,C11,,
CCV,,o-Phosphate_water,100.829,ug/L,0.058158,0.00,ad,1,1,2022-11-16 14:10:56,1,C11,,
CCB,,Ammonia_water_low,-0.0007,mg N/L,0.011052,0.00,ad,1,1,2022-11-16 14:28:59,1,C12,,
CCB,,o-Phosphate_water,  1.412,ug/L,0.000787,0.00,ad,1,1,2022-11-16 14:11:28,1,C12,,
GBL_NH3_NA1_20221104,,Ammonia_water_low, 0.0098,mg N/L,0.017390, ,ad,1,1,2022-11-16 14:29:56,1,U1,,3
GBL_NH3_NA1_20221104,,o-Phosphate_water, 12.855,ug/L,0.007391, ,ad,1,1,2022-11-16 14:11:56,1,U1,,3
GBL_NH3_NA2_20221104,,Ammonia_water_low, 0.0828,mg N/L,0.061497, ,ad,1,1,2022-11-16 14:30:52,1,U2,,4
GBL_NH3_NA2_20221104,,o-Phosphate_water, 13.006,ug/L,0.007478, ,ad,1,1,2022-11-16 14:12:28,1,U2,,4
GBL_NH3_NA3_20221104,,Ammonia_water_low, 0.3737,mg N/L,0.237048, ,ad,1,1,2022-11-16 14:31:48,1,U3,,5
GBL_NH3_NA3_20221104,,o-Phosphate_water, 13.487,ug/L,0.007756, ,ad,1,1,2022-11-16 14:12:56,1,U3,,5
GBL_NH3_NA4_20221104,,Ammonia_water_low, 0.9962,mg N/L,0.131750, ,ad,1,5.00,2022-11-16 14:32:44,5.00,U4,,6
GBL_NH3_NA5_20221104,,Ammonia_water_low, 6.5101,mg N/L,0.404448, ,ad,1,10.00,2022-11-16 14:33:41,10.00,U5,,7
GBL_NH3_NA6_20221104,,Ammonia_water_low, 2.4122,mg N/L,0.157095, ,ad,1,10.00,2022-11-16 14:34:37,10.00,U6,,8
GBL_NH3_NA7_20221104,,Ammonia_water_low, 3.8657,mg N/L,0.244826, ,ad,1,10.00,2022-11-16 14:35:33,10.00,U7,,9
GBL_NH3_NA8_20221104,,Ammonia_water_low, 7.9112,mg N/L,0.489017, ,ad,1,10.00,2022-11-16 14:36:29,10.00,U8,,10
GBL_NH3_NA9_20221104,,Ammonia_water_low, 7.8807,mg N/L,0.487175, ,ad,1,10.00,2022-11-16 14:37:26,10.00,U9,,11
GBL_NH3_NA10_20221104,,Ammonia_water_low, 7.9277,mg N/L,0.490016, ,ad,1,10.00,2022-11-16 14:38:22,10.00,U10,,12
Duplicate,GBL_NH3_NA10_20221104,Ammonia_water_low, 7.8011,mg N/L,0.482373,1.61,ad,1,10.00,2022-11-16 14:39:19,10.00,C13,,12
GBL_NH3_NA11_20221104,,Ammonia_water_low, 6.8794,mg N/L,0.426739, ,ad,1,10.00,2022-11-16 14:40:15,10.00,U11,,13
GBL_NH3_NA12_20221104,,Ammonia_water_low, 8.1886,mg N/L,0.505764, ,ad,1,10.00,2022-11-16 14:41:12,10.00,U12,,14
GBL_NH3_NA12_20221104,,o-Phosphate_water, 13.472,ug/L,0.007747, ,ad,1,1,2022-11-16 14:13:28,1,U12,,14
GBL_NH3_NA13_20221104,,Ammonia_water_low, 7.3262,mg N/L,0.453709, ,ad,1,10.00,2022-11-16 14:42:07,10.00,U13,,15
GBL_NH3_NA14_20221104,,Ammonia_water_low, 6.0092,mg N/L,0.374212, ,ad,1,10.00,2022-11-16 14:43:03,10.00,U14,,16
GBL_NH3_NA15_20221104,,Ammonia_water_low, 3.6935,mg N/L,0.234432, ,ad,1,10.00,2022-11-16 14:43:59,10.00,U15,,17
Duplicate,GBL_NH3_NA15_20221104,Ammonia_water_low, 3.6581,mg N/L,0.232299,0.96,ad,1,10.00,2022-11-16 14:44:55,10.00,C13,,17
CCV,,Ammonia_water_low, 0.5161,mg N/L,0.322986,0.00,ad,1,1,2022-11-16 14:45:49,1,C11,,
CCB,,Ammonia_water_low,-0.0008,mg N/L,0.010989,0.00,ad,1,1,2022-11-16 14:46:45,1,C12,,
GBL_NH3_NA16_20221104,,Ammonia_water_low, 2.1663,mg N/L,0.142252, ,ad,1,10.00,2022-11-16 14:47:41,10.00,U16,,18
GBL_NH3_NA17_20221104,,Ammonia_water_low, 1.5903,mg N/L,0.203475, ,ad,1,5.00,2022-11-16 14:48:37,5.00,U17,,19
GBL_NH3_NA18_20221104,,Ammonia_water_low, 0.7725,mg N/L,0.104749, ,ad,1,5.00,2022-11-16 14:49:33,5.00,U18,,20
GBL_NH3_NA19_20221104,,Ammonia_water_low, 0.3705,mg N/L,0.235107, ,ad,1,1,2022-11-16 14:50:29,1,U19,,21
GBL_NH3_NA20_20221104,,Ammonia_water_low, 0.1418,mg N/L,0.097078, ,ad,1,1,2022-11-16 14:51:26,1,U20,,22
GBL_NH3_HOR1_20221104,,Ammonia_water_low, 0.0246,mg N/L,0.026365, ,ad,1,1,2022-11-16 14:52:21,1,U21,,23
GBL_NH3_HOR1_20221104,,o-Phosphate_water,  9.095,ug/L,0.005221, ,ad,1,1,2022-11-16 14:13:55,1,U21,,23
GBL_NH3_HOR2_20221104,,Ammonia_water_low, 0.0141,mg N/L,0.020007, ,ad,1,1,2022-11-16 14:53:17,1,U22,,24
GBL_NH3_HOR2_20221104,,o-Phosphate_water,  9.181,ug/L,0.005270, ,ad,1,1,2022-11-16 14:14:28,1,U22,,24
CCV,,Ammonia_water_low, 0.5125,mg N/L,0.320866,0.00,ad,1,1,2022-11-16 14:54:13,1,C11,,
CCV,,o-Phosphate_water,100.324,ug/L,0.057867,0.00,ad,1,1,2022-11-16 14:14:55,1,C11,,
CCB,,Ammonia_water_low, 0.0024,mg N/L,0.012944,0.00,ad,1,1,2022-11-16 14:55:10,1,C12,,
CCB,,o-Phosphate_water,  1.211,ug/L,0.000671,0.00,ad,1,1,2022-11-16 14:15:27,1,C12,,
