Plot Title: 20775520,,,,,,,,,
#,"Date Time, GMT-07:00","Low Range, μS/cm (LGR S/N: 20775520, SEN S/N: 20775520)","Full Range, μS/cm (LGR S/N: 20775520, SEN S/N: 20775520)","Temp, °C (LGR S/N: 20775520, SEN S/N: 20775520)",Coupler Detached (LGR S/N: 20775520),Coupler Attached (LGR S/N: 20775520),Host Connected (LGR S/N: 20775520),Stopped (LGR S/N: 20775520),End Of File (LGR S/N: 20775520)
1,2022-06-23T10:00:00Z,2.2,0.6,23.11,Logged,,,,
2,2022-06-23T10:00:03Z,2.2,0.6,23.11,,,,,
3,2022-06-23T10:00:06Z,1.2,0.6,23.1,,,,,
4,2022-06-23T10:00:09Z,2.2,0.6,23.12,,,,,
5,2022-06-23T10:00:12Z,2.2,0.6,23.12,,,,,
6,2022-06-23T10:00:15Z,2.2,-3,23.11,,,,,
7,2022-06-23T10:00:18Z,2.2,0.6,23.1,,,,,
8,2022-06-23T10:00:21Z,2.2,0.6,23.07,,,,,
9,2022-06-23T10:00:24Z,2.2,-3,23.06,,,,,
10,2022-06-23T10:00:27Z,2.2,-1.5,23.06,,,,,
11,2022-06-23T10:00:30Z,2.2,0.6,23.05,,,,,
12,2022-06-23T10:00:33Z,2.2,0.6,23.04,,,,,
13,2022-06-23T10:00:36Z,2.2,-3,23.04,,,,,
14,2022-06-23T10:00:39Z,2.2,0.6,23.02,,,,,
15,2022-06-23T10:00:42Z,2.2,0.6,23.01,,,,,
16,2022-06-23T10:00:45Z,2.2,0.6,23.02,,,,,
17,2022-06-23T10:00:48Z,2.2,-3,23.01,,,,,
18,2022-06-23T10:00:51Z,2.2,0.6,23.01,,,,,
19,2022-06-23T10:00:54Z,1.2,0.6,23,,,,,
20,2022-06-23T10:00:57Z,2.2,-1.5,22.99,,,,,
21,2022-06-23T10:01:00Z,2.2,0.6,22.99,,,,,
22,2022-06-23T10:01:03Z,2.2,0.6,22.97,,,,,
23,2022-06-23T10:01:06Z,2.2,0.6,22.99,,,,,
24,2022-06-23T10:01:09Z,2.2,0.6,22.96,,,,,
25,2022-06-23T10:01:12Z,2.2,0.6,22.97,,,,,
26,2022-06-23T10:01:15Z,2.2,0.6,22.99,,,,,
27,2022-06-23T10:01:18Z,1.2,-3,22.97,,,,,
28,2022-06-23T10:01:21Z,2.2,0.6,22.99,,,,,
29,2022-06-23T10:01:24Z,2.2,0.6,22.96,,,,,
30,2022-06-23T10:01:27Z,2.2,-3,22.96,,,,,
31,2022-06-23T10:01:30Z,2.2,0.6,22.96,,,,,
32,2022-06-23T10:01:33Z,2.2,0.6,22.97,,,,,
33,2022-06-23T10:01:36Z,2.2,-3,22.99,,,,,
34,2022-06-23T10:01:39Z,2.2,0.6,22.96,,,,,
35,2022-06-23T10:01:42Z,2.2,-1.5,22.95,,,,,
36,2022-06-23T10:01:45Z,2.2,-1.5,22.94,,,,,
37,2022-06-23T10:01:48Z,2.2,0.6,22.93,,,,,
38,2022-06-23T10:01:51Z,2.2,0.6,22.91,,,,,
39,2022-06-23T10:01:54Z,2.2,0.6,22.91,,,,,
40,2022-06-23T10:01:57Z,2.2,0.6,22.91,,,,,
41,2022-06-23T10:02:00Z,2.2,0.6,22.9,,,,,
42,2022-06-23T10:02:03Z,2.2,0.6,22.89,,,,,
43,2022-06-23T10:02:06Z,2.2,0.6,22.87,,,,,
44,2022-06-23T10:02:09Z,2.2,-3,22.88,,,,,
45,2022-06-23T10:02:12Z,1.2,-3,22.88,,,,,
46,2022-06-23T10:02:15Z,2.2,0.6,22.87,,,,,
47,2022-06-23T10:02:18Z,2.2,0.6,22.85,,,,,
48,2022-06-23T10:02:21Z,2.2,0.6,22.84,,,,,
49,2022-06-23T10:02:24Z,2.2,-3,22.83,,,,,
50,2022-06-23T10:02:27Z,2.2,0.6,22.83,,,,,
51,2022-06-23T10:02:30Z,2.2,0.6,22.82,,,,,
52,2022-06-23T10:02:33Z,2.2,0.6,22.81,,,,,
53,2022-06-23T10:02:36Z,2.2,0.6,22.79,,,,,
54,2022-06-23T10:02:39Z,2.2,0.6,22.78,,,,,
55,2022-06-23T10:02:42Z,2.2,0.6,22.77,,,,,
56,2022-06-23T10:02:45Z,2.2,0.6,22.77,,,,,
57,2022-06-23T10:02:48Z,1,0.6,22.78,,,,,
58,2022-06-23T10:02:51Z,2.2,0.6,22.79,,,,,
59,2022-06-23T10:02:54Z,2.2,-3,22.77,,,,,
60,2022-06-23T10:02:57Z,2.2,0.6,22.79,,,,,
61,2022-06-23T10:03:00Z,1.2,0.6,22.77,,,,,
62,2022-06-23T10:03:03Z,2.2,0.6,22.78,,,,,
63,2022-06-23T10:03:06Z,1.2,-3,22.78,,,,,
64,2022-06-23T10:03:09Z,2.2,0.6,22.76,,,,,
65,2022-06-23T10:03:12Z,2.2,0.6,22.76,,,,,
66,2022-06-23T10:03:15Z,2.2,-3,22.76,,,,,
67,2022-06-23T10:03:18Z,1,-3,22.73,,,,,
68,2022-06-23T10:03:21Z,2.2,-3,22.71,,,,,
69,2022-06-23T10:03:24Z,2.2,0.6,22.68,,,,,
70,2022-06-23T10:03:27Z,2.2,0.6,22.7,,,,,
71,2022-06-23T10:03:30Z,2.2,0.6,22.71,,,,,
72,2022-06-23T10:03:33Z,2.2,0.6,22.68,,,,,
73,2022-06-23T10:03:36Z,2.2,-1.5,22.7,,,,,
74,2022-06-23T10:03:39Z,2.2,0.6,22.68,,,,,
75,2022-06-23T10:03:42Z,2.2,-1.5,22.67,,,,,
76,2022-06-23T10:03:45Z,2.2,-3,22.65,,,,,
77,2022-06-23T10:03:48Z,1,0.6,22.64,,,,,
78,2022-06-23T10:03:51Z,2.2,-1.5,22.64,,,,,
79,2022-06-23T10:03:54Z,2.2,-3,22.61,,,,,
80,2022-06-23T10:03:57Z,2.2,-3,22.59,,,,,
81,2022-06-23T10:04:00Z,2.2,0.6,22.59,,,,,
82,2022-06-23T10:04:03Z,2.2,0.6,22.59,,,,,
83,2022-06-23T10:04:06Z,2.2,0.6,22.59,,,,,
84,2022-06-23T10:04:09Z,2.2,-3,22.56,,,,,
85,2022-06-23T10:04:12Z,2.2,0.6,22.56,,,,,
86,2022-06-23T10:04:15Z,2.2,-3,22.55,,,,,
87,2022-06-23T10:04:18Z,2.2,0.6,22.55,,,,,
88,2022-06-23T10:04:21Z,2.2,-1.5,22.54,,,,,
89,2022-06-23T10:04:24Z,1.2,-3,22.53,,,,,
90,2022-06-23T10:04:27Z,2.2,0.6,22.51,,,,,
91,2022-06-23T10:04:30Z,2.2,0.6,22.51,,,,,
92,2022-06-23T10:04:33Z,2.2,0.6,22.5,,,,,
93,2022-06-23T10:04:36Z,2.2,0.6,22.49,,,,,
94,2022-06-23T10:04:39Z,1,-3,22.49,,,,,
95,2022-06-23T10:04:42Z,2.2,-3,22.51,,,,,
96,2022-06-23T10:04:45Z,2.2,0.6,22.53,,,,,
97,2022-06-23T10:04:48Z,2.2,0.6,22.54,,,,,
98,2022-06-23T10:04:51Z,1.2,0.6,22.53,,,,,
99,2022-06-23T10:04:54Z,2.2,-1.5,22.5,,,,,
100,2022-06-23T10:04:57Z,2.2,-3,22.5,,,,,
101,2022-06-23T10:05:00Z,5,-1.5,22.5,,,,,
102,2022-06-23T10:05:03Z,1.2,-1.5,22.47,,,,,
103,2022-06-23T10:05:06Z,1,-1.5,22.49,,,,,
104,2022-06-23T10:05:09Z,2.2,0.6,22.5,,,,,
105,2022-06-23T10:05:12Z,2.2,0.6,22.5,,,,,
106,2022-06-23T10:05:15Z,2.2,0.6,22.48,,,,,
107,2022-06-23T10:05:18Z,7,0.6,22.45,,,,,
108,2022-06-23T10:05:21Z,2.2,0.6,22.44,,,,,
109,2022-06-23T10:05:24Z,2.2,0.6,22.43,,,,,
110,2022-06-23T10:05:27Z,2.2,0.6,22.44,,,,,
111,2022-06-23T10:05:30Z,2.2,0.6,22.43,,,,,
112,2022-06-23T10:05:33Z,2.2,0.6,22.43,,,,,
113,2022-06-23T10:05:36Z,1.2,0.6,22.44,,,,,
114,2022-06-23T10:05:39Z,2.2,-3,22.45,,,,,
115,2022-06-23T10:05:42Z,2.2,0.6,22.44,,,,,
116,2022-06-23T10:05:45Z,2.2,-3,22.42,,,,,
117,2022-06-23T10:05:48Z,2.2,-3,22.43,,,,,
118,2022-06-23T10:05:51Z,2.2,0.6,22.42,,,,,
119,2022-06-23T10:05:54Z,1,0.6,22.4,,,,,
120,2022-06-23T10:05:57Z,2.2,0.6,22.4,,,,,
121,2022-06-23T10:06:00Z,2.2,-3,22.4,,,,,
122,2022-06-23T10:06:03Z,2.2,0.6,22.42,,,,,
123,2022-06-23T10:06:06Z,2.2,0.6,22.42,,,,,
124,2022-06-23T10:06:09Z,2.2,0.6,22.42,,,,,
125,2022-06-23T10:06:12Z,1,0.6,22.38,,,,,
126,2022-06-23T10:06:15Z,2.2,-3,22.37,,,,,
127,2022-06-23T10:06:18Z,2.2,-3,22.36,,,,,
128,2022-06-23T10:06:21Z,2.2,0.6,22.34,,,,,
129,2022-06-23T10:06:24Z,2.2,-1.5,22.36,,,,,
130,2022-06-23T10:06:27Z,2.2,0.6,22.36,,,,,
131,2022-06-23T10:06:30Z,2.2,-3,22.34,,,,,
132,2022-06-23T10:06:33Z,1.2,0.6,22.36,,,,,
133,2022-06-23T10:06:36Z,2.2,-3,22.34,,,,,
134,2022-06-23T10:06:39Z,2.2,0.6,22.34,,,,,
135,2022-06-23T10:06:42Z,2.2,0.6,22.32,,,,,
136,2022-06-23T10:06:45Z,2.2,0.6,22.31,,,,,
137,2022-06-23T10:06:48Z,2.2,0.6,22.3,,,,,
138,2022-06-23T10:06:51Z,7,0.6,22.3,,,,,
139,2022-06-23T10:06:54Z,2.2,-3,22.28,,,,,
140,2022-06-23T10:06:57Z,2.2,0.6,22.27,,,,,
141,2022-06-23T10:07:00Z,2.2,0.6,22.26,,,,,
142,2022-06-23T10:07:03Z,2.2,0.6,22.25,,,,,
143,2022-06-23T10:07:06Z,1,0.6,22.23,,,,,
144,2022-06-23T10:07:09Z,2.2,0.6,22.21,,,,,
145,2022-06-23T10:07:12Z,1.2,-1.5,22.21,,,,,
146,2022-06-23T10:07:15Z,1.2,0.6,22.2,,,,,
147,2022-06-23T10:07:18Z,2.2,0.6,22.2,,,,,
148,2022-06-23T10:07:21Z,7,0.6,22.2,,,,,
149,2022-06-23T10:07:24Z,2.2,0.6,22.19,,,,,
150,2022-06-23T10:07:27Z,2.2,-1.5,22.19,,,,,
151,2022-06-23T10:07:30Z,2.2,-1.5,22.17,,,,,
152,2022-06-23T10:07:33Z,2.2,-3,22.19,,,,,
153,2022-06-23T10:07:36Z,1,0.6,22.17,,,,,
154,2022-06-23T10:07:39Z,2.2,0.6,22.17,,,,,
155,2022-06-23T10:07:42Z,2.2,0.6,22.17,,,,,
156,2022-06-23T10:07:45Z,2.2,0.6,22.16,,,,,
157,2022-06-23T10:07:48Z,2.2,0.6,22.17,,,,,
158,2022-06-23T10:07:51Z,2.2,0.6,22.15,,,,,
159,2022-06-23T10:07:54Z,2.2,0.6,22.15,,,,,
160,2022-06-23T10:07:57Z,5,0.6,22.15,,,,,
161,2022-06-23T10:08:00Z,2.2,0.6,22.15,,,,,
162,2022-06-23T10:08:03Z,2.2,0.6,22.14,,,,,
163,2022-06-23T10:08:06Z,1,-3,22.11,,,,,
164,2022-06-23T10:08:09Z,2.2,0.6,22.13,,,,,
165,2022-06-23T10:08:12Z,2.2,0.6,22.14,,,,,
166,2022-06-23T10:08:15Z,2.2,0.6,22.14,,,,,
167,2022-06-23T10:08:18Z,2.2,0.6,22.11,,,,,
168,2022-06-23T10:08:21Z,1,0.6,22.11,,,,,
169,2022-06-23T10:08:24Z,2.2,0.6,22.1,,,,,
170,2022-06-23T10:08:27Z,2.2,0.6,22.1,,,,,
171,2022-06-23T10:08:30Z,2.2,0.6,22.1,,,,,
172,2022-06-23T10:08:33Z,2.2,0.6,22.1,,,,,
173,2022-06-23T10:08:36Z,2.2,0.6,22.11,,,,,
174,2022-06-23T10:08:39Z,2.2,-3,22.11,,,,,
175,2022-06-23T10:08:42Z,2.2,-3,22.11,,,,,
176,2022-06-23T10:08:45Z,2.2,0.6,22.13,,,,,
177,2022-06-23T10:08:48Z,1,0.6,22.13,,,,,
178,2022-06-23T10:08:51Z,2.2,-1.5,22.13,,,,,
179,2022-06-23T10:08:54Z,2.2,0.6,22.13,,,,,
180,2022-06-23T10:08:57Z,2.2,0.6,22.13,,,,,
181,2022-06-23T10:09:00Z,2.2,-3,22.14,,,,,
182,2022-06-23T10:09:03Z,2.2,0.6,22.14,,,,,
183,2022-06-23T10:09:06Z,2.2,0.6,22.14,,,,,
184,2022-06-23T10:09:09Z,2.2,0.6,22.13,,,,,
185,2022-06-23T10:09:12Z,2.2,0.6,22.14,,,,,
186,2022-06-23T10:09:15Z,1,-1.5,22.14,,,,,
187,2022-06-23T10:09:18Z,2.2,-3,22.14,,,,,
188,2022-06-23T10:09:21Z,2.2,0.6,22.14,,,,,
189,2022-06-23T10:09:24Z,2.2,0.6,22.13,,,,,
190,2022-06-23T10:09:27Z,2.2,0.6,22.13,,,,,
191,2022-06-23T10:09:30Z,2.2,0.6,22.13,,,,,
192,2022-06-23T10:09:33Z,2.2,0.6,22.13,,,,,
193,2022-06-23T10:09:36Z,2.2,-1.5,22.13,,,,,
194,2022-06-23T10:09:39Z,2.2,0.6,22.13,,,,,
195,2022-06-23T10:09:42Z,2.2,0.6,22.13,,,,,
196,2022-06-23T10:09:45Z,5,0.6,22.13,,,,,
197,2022-06-23T10:09:48Z,2.2,0.6,22.11,,,,,
198,2022-06-23T10:09:51Z,2.2,0.6,22.11,,,,,
199,2022-06-23T10:09:54Z,2.2,0.6,22.11,,,,,
200,2022-06-23T10:09:57Z,2.2,-3,22.11,,,,,
201,2022-06-23T10:10:00Z,2.2,-1.5,22.11,,,,,
202,2022-06-23T10:10:03Z,2.2,-3,22.11,,,,,
203,2022-06-23T10:10:06Z,2.2,0.6,22.11,,,,,
204,2022-06-23T10:10:09Z,2.2,0.6,22.11,,,,,
205,2022-06-23T10:10:12Z,2.2,0.6,22.11,,,,,
206,2022-06-23T10:10:15Z,2.2,0.6,22.11,,,,,
207,2022-06-23T10:10:18Z,2.2,-1.5,22.1,,,,,
208,2022-06-23T10:10:21Z,2.2,0.6,22.1,,,,,
209,2022-06-23T10:10:24Z,2.2,-3,22.11,,,,,
210,2022-06-23T10:10:27Z,2.2,0.6,22.11,,,,,
211,2022-06-23T10:10:30Z,1.2,-3,22.11,,,,,
212,2022-06-23T10:10:33Z,1.2,0.6,22.11,,,,,
213,2022-06-23T10:10:36Z,2.2,0.6,22.11,,,,,
214,2022-06-23T10:10:39Z,2.2,0.6,22.11,,,,,
215,2022-06-23T10:10:42Z,2.2,0.6,22.11,,,,,
216,2022-06-23T10:10:45Z,2.2,0.6,22.1,,,,,
217,2022-06-23T10:10:48Z,1,0.6,22.11,,,,,
218,2022-06-23T10:10:51Z,2.2,-3,22.1,,,,,
219,2022-06-23T10:10:54Z,2.2,-3,22.1,,,,,
220,2022-06-23T10:10:57Z,1.2,0.6,22.1,,,,,
221,2022-06-23T10:11:00Z,7,0.6,22.1,,,,,
222,2022-06-23T10:11:03Z,2.2,0.6,22.1,,,,,
223,2022-06-23T10:11:06Z,1.2,0.6,22.1,,,,,
224,2022-06-23T10:11:09Z,1,-3,22.1,,,,,
225,2022-06-23T10:11:12Z,2.2,0.6,22.1,,,,,
226,2022-06-23T10:11:15Z,2.2,0.6,22.09,,,,,
227,2022-06-23T10:11:18Z,1,-3,22.1,,,,,
228,2022-06-23T10:11:21Z,2.2,0.6,22.1,,,,,
229,2022-06-23T10:11:24Z,2.2,0.6,22.09,,,,,
230,2022-06-23T10:11:27Z,2.2,-3,22.08,,,,,
231,2022-06-23T10:11:30Z,2.2,-3,22.08,,,,,
232,2022-06-23T10:11:33Z,2.2,-3,22.09,,,,,
233,2022-06-23T10:11:36Z,2.2,0.6,22.08,,,,,
234,2022-06-23T10:11:39Z,2.2,0.6,22.09,,,,,
235,2022-06-23T10:11:42Z,1.2,-3,22.09,,,,,
236,2022-06-23T10:11:45Z,2.2,-3,22.08,,,,,
237,2022-06-23T10:11:48Z,2.2,0.6,22.08,,,,,
238,2022-06-23T10:11:51Z,2.2,0.6,22.09,,,,,
239,2022-06-23T10:11:54Z,2.2,-3,22.08,,,,,
240,2022-06-23T10:11:57Z,2.2,-3,22.08,,,,,
241,2022-06-23T10:12:00Z,2.2,0.6,22.08,,,,,
242,2022-06-23T10:12:03Z,2.2,-3,22.08,,,,,
243,2022-06-23T10:12:06Z,2.2,0.6,22.08,,,,,
244,2022-06-23T10:12:09Z,2.2,0.6,22.08,,,,,
245,2022-06-23T10:12:12Z,2.2,-1.5,22.08,,,,,
246,2022-06-23T10:12:15Z,2.2,0.6,22.09,,,,,
247,2022-06-23T10:12:18Z,2.2,0.6,22.08,,,,,
248,2022-06-23T10:12:21Z,2.2,0.6,22.08,,,,,
249,2022-06-23T10:12:24Z,2.2,0.6,22.08,,,,,
250,2022-06-23T10:12:27Z,2.2,0.6,22.08,,,,,
251,2022-06-23T10:12:30Z,2.2,0.6,22.08,,,,,
252,2022-06-23T10:12:33Z,2.2,-3,22.07,,,,,
253,2022-06-23T10:12:36Z,2.2,-3,22.07,,,,,
254,2022-06-23T10:12:39Z,2.2,-3,22.07,,,,,
255,2022-06-23T10:12:42Z,2.2,0.6,22.07,,,,,
256,2022-06-23T10:12:45Z,2.2,0.6,22.08,,,,,
257,2022-06-23T10:12:48Z,2.2,0.6,22.07,,,,,
258,2022-06-23T10:12:51Z,2.2,-3,22.07,,,,,
259,2022-06-23T10:12:54Z,2.2,0.6,22.07,,,,,
260,2022-06-23T10:12:57Z,1.2,0.6,22.07,,,,,
261,2022-06-23T10:13:00Z,2.2,0.6,22.07,,,,,
262,2022-06-23T10:13:03Z,2.2,-1.5,22.07,,,,,
263,2022-06-23T10:13:06Z,2.2,0.6,22.07,,,,,
264,2022-06-23T10:13:09Z,2.2,0.6,22.07,,,,,
265,2022-06-23T10:13:12Z,2.2,-3,22.07,,,,,
266,2022-06-23T10:13:15Z,2.2,0.6,22.07,,,,,
267,2022-06-23T10:13:18Z,2.2,-3,22.07,,,,,
268,2022-06-23T10:13:21Z,1.2,0.6,22.05,,,,,
269,2022-06-23T10:13:24Z,2.2,0.6,22.05,,,,,
270,2022-06-23T10:13:27Z,2.2,0.6,22.05,,,,,
271,2022-06-23T10:13:30Z,2.2,-1.5,22.05,,,,,
272,2022-06-23T10:13:33Z,2.2,0.6,22.05,,,,,
273,2022-06-23T10:13:36Z,1.2,0.6,22.05,,,,,
274,2022-06-23T10:13:39Z,2.2,0.6,22.05,,,,,
275,2022-06-23T10:13:42Z,2.2,0.6,22.04,,,,,
276,2022-06-23T10:13:45Z,2.2,-3,22.05,,,,,
277,2022-06-23T10:13:48Z,2.2,0.6,22.05,,,,,
278,2022-06-23T10:13:51Z,2.2,0.6,22.05,,,,,
279,2022-06-23T10:13:54Z,2.2,-3,22.05,,,,,
280,2022-06-23T10:13:57Z,2.2,-3,22.04,,,,,
281,2022-06-23T10:14:00Z,2.2,0.6,22.04,,,,,
282,2022-06-23T10:14:03Z,2.2,-3,22.05,,,,,
283,2022-06-23T10:14:06Z,2.2,0.6,22.04,,,,,
284,2022-06-23T10:14:09Z,2.2,-3,22.05,,,,,
285,2022-06-23T10:14:12Z,2.2,0.6,22.04,,,,,
286,2022-06-23T10:14:15Z,2.2,0.6,22.04,,,,,
287,2022-06-23T10:14:18Z,1.2,-3,22.04,,,,,
288,2022-06-23T10:14:21Z,1.2,0.6,22.04,,,,,
289,2022-06-23T10:14:24Z,2.2,0.6,22.04,,,,,
290,2022-06-23T10:14:27Z,5,0.6,22.03,,,,,
291,2022-06-23T10:14:30Z,5,0.6,22.04,,,,,
292,2022-06-23T10:14:33Z,2.2,0.6,22.04,,,,,
293,2022-06-23T10:14:36Z,2.2,0.6,22.04,,,,,
294,2022-06-23T10:14:39Z,2.2,-3,22.04,,,,,
295,2022-06-23T10:14:42Z,1.2,0.6,22.04,,,,,
296,2022-06-23T10:14:45Z,7,0.6,22.03,,,,,
297,2022-06-23T10:14:48Z,2.2,0.6,22.03,,,,,
298,2022-06-23T10:14:51Z,2.2,0.6,22.03,,,,,
299,2022-06-23T10:14:54Z,2.2,0.6,22.03,,,,,
300,2022-06-23T10:14:57Z,5,-3,22.03,,,,,
301,2022-06-23T10:15:00Z,2.2,0.6,22.03,,,,,
302,2022-06-23T10:15:03Z,7,0.6,22.03,,,,,
303,2022-06-23T10:15:06Z,2.2,-3,22.03,,,,,
304,2022-06-23T10:15:09Z,2.2,0.6,22.03,,,,,
305,2022-06-23T10:15:12Z,2.2,-3,22.03,,,,,
306,2022-06-23T10:15:15Z,2.2,-1.5,22.03,,,,,
307,2022-06-23T10:15:18Z,2.2,0.6,22.03,,,,,
308,2022-06-23T10:15:21Z,2.2,0.6,22.03,,,,,
309,2022-06-23T10:15:24Z,2.2,0.6,22.02,,,,,
310,2022-06-23T10:15:27Z,2.2,0.6,22.02,,,,,
311,2022-06-23T10:15:30Z,2.2,0.6,22.02,,,,,
312,2022-06-23T10:15:33Z,2.2,0.6,22.02,,,,,
313,2022-06-23T10:15:36Z,1.1,0.6,22.02,,,,,
314,2022-06-23T10:15:39Z,2.2,0.6,22.02,,,,,
315,2022-06-23T10:15:42Z,1.1,-3,22.02,,,,,
316,2022-06-23T10:15:45Z,2.2,-1.5,22.02,,,,,
317,2022-06-23T10:15:48Z,2.2,0.6,22.02,,,,,
318,2022-06-23T10:15:51Z,5,0.6,22.02,,,,,
319,2022-06-23T10:15:54Z,1.1,0.6,22.02,,,,,
320,2022-06-23T10:15:57Z,2.2,0.6,22.02,,,,,
321,2022-06-23T10:16:00Z,2.2,0.6,22.02,,,,,
322,2022-06-23T10:16:03Z,2.2,0.6,22.02,,,,,
323,2022-06-23T10:16:06Z,2.2,0.6,22.02,,,,,
324,2022-06-23T10:16:09Z,2.2,0.6,22.02,,,,,
325,2022-06-23T10:16:12Z,1.2,-3,22.02,,,,,
326,2022-06-23T10:16:15Z,2.2,-3,22.02,,,,,
327,2022-06-23T10:16:18Z,2.2,0.6,22.03,,,,,
328,2022-06-23T10:16:21Z,1.1,0.6,22.04,,,,,
329,2022-06-23T10:16:24Z,2.2,0.6,22.05,,,,,
330,2022-06-23T10:16:27Z,2.2,0.6,22.07,,,,,
331,2022-06-23T10:16:30Z,2.2,0.6,22.07,,,,,
332,2022-06-23T10:16:33Z,2.2,-1.5,22.07,,,,,
333,2022-06-23T10:16:36Z,2.2,-1.5,22.1,,,,,
334,2022-06-23T10:16:39Z,2.2,-3,22.07,,,,,
335,2022-06-23T10:16:42Z,2.2,0.6,22.05,,,,,
336,2022-06-23T10:16:45Z,2.2,0.6,22.08,,,,,
337,2022-06-23T10:16:48Z,2.2,-1.5,22.1,,,,,
338,2022-06-23T10:16:51Z,2.2,-3,22.04,,,,,
339,2022-06-23T10:16:54Z,2.2,-3,22.09,,,,,
340,2022-06-23T10:16:57Z,2.2,0.6,22.11,,,,,
341,2022-06-23T10:17:00Z,2.2,-3,22.19,,,,,
342,2022-06-23T10:17:03Z,1.2,0.6,22.2,,,,,
343,2022-06-23T10:17:06Z,2.2,-3,22.22,,,,,
344,2022-06-23T10:17:09Z,2.2,-3,22.25,,,,,
345,2022-06-23T10:17:12Z,1,-3,22.28,,,,,
346,2022-06-23T10:17:15Z,2.2,0.6,22.23,,,,,
347,2022-06-23T10:17:18Z,2.2,-3,22.22,,,,,
348,2022-06-23T10:17:21Z,2.2,0.6,22.23,,,,,
349,2022-06-23T10:17:24Z,2.2,-3,22.23,,,,,
350,2022-06-23T10:17:27Z,1,-3,22.23,,,,,
351,2022-06-23T10:17:30Z,1,-3,22.22,,,,,
352,2022-06-23T10:17:33Z,2.2,-3,22.21,,,,,
353,2022-06-23T10:17:36Z,1,-3,22.21,,,,,
354,2022-06-23T10:17:39Z,2.2,-3,22.22,,,,,
355,2022-06-23T10:17:42Z,1,0.6,22.22,,,,,
356,2022-06-23T10:17:45Z,2.2,0.6,22.22,,,,,
357,2022-06-23T10:17:48Z,1.2,0.6,22.22,,,,,
358,2022-06-23T10:17:51Z,2.2,-1.5,22.26,,,,,
359,2022-06-23T10:17:54Z,2.2,-3,22.26,,,,,
360,2022-06-23T10:17:57Z,2.2,-3,22.27,,,,,
361,2022-06-23T10:18:00Z,2.2,0.6,22.28,,,,,
362,2022-06-23T10:18:03Z,2.2,0.6,22.27,,,,,
363,2022-06-23T10:18:06Z,2.2,-3,22.3,,,,,
364,2022-06-23T10:18:09Z,2.2,-3,22.31,,,,,
365,2022-06-23T10:18:12Z,1,0.6,22.32,,,,,
366,2022-06-23T10:18:15Z,2.2,-3,22.33,,,,,
367,2022-06-23T10:18:18Z,2.2,-3,22.34,,,,,
368,2022-06-23T10:18:21Z,1,-3,22.37,,,,,
369,2022-06-23T10:18:24Z,2.2,-3,22.38,,,,,
370,2022-06-23T10:18:27Z,2.2,0.6,22.39,,,,,
371,2022-06-23T10:18:30Z,2.2,-1.5,22.42,,,,,
372,2022-06-23T10:18:33Z,2.2,0.6,22.44,,,,,
373,2022-06-23T10:18:36Z,2.2,-1.5,22.45,,,,,
374,2022-06-23T10:18:39Z,2.2,0.6,22.51,,,,,
375,2022-06-23T10:18:42Z,2.2,0.6,22.49,,,,,
376,2022-06-23T10:18:45Z,2.2,0.6,22.49,,,,,
377,2022-06-23T10:18:48Z,2.2,0.6,22.51,,,,,
378,2022-06-23T10:18:51Z,2.2,0.6,22.54,,,,,
379,2022-06-23T10:18:54Z,1,-3,22.56,,,,,
380,2022-06-23T10:18:57Z,2.2,0.6,22.49,,,,,
381,2022-06-23T10:19:00Z,146.1,149.5,14.17,,,,,
382,2022-06-23T10:19:03Z,364.8,364.3,12.2,,,,,
383,2022-06-23T10:19:06Z,364.3,363.3,11.84,,,,,
384,2022-06-23T10:19:09Z,364,363,11.64,,,,,
385,2022-06-23T10:19:12Z,363.4,362.7,11.47,,,,,
386,2022-06-23T10:19:15Z,363.4,362.4,11.44,,,,,
387,2022-06-23T10:19:18Z,363.3,362.4,11.38,,,,,
388,2022-06-23T10:19:21Z,362.9,362,11.33,,,,,
389,2022-06-23T10:19:24Z,363.2,362,11.32,,,,,
390,2022-06-23T10:19:27Z,363.1,361.7,11.26,,,,,
391,2022-06-23T10:19:30Z,363.1,362.4,11.27,,,,,
392,2022-06-23T10:19:33Z,362.8,361.7,11.21,,,,,
393,2022-06-23T10:19:36Z,362.8,361.7,11.27,,,,,
394,2022-06-23T10:19:39Z,363.2,362.4,11.26,,,,,
395,2022-06-23T10:19:42Z,363.1,362.4,11.29,,,,,
396,2022-06-23T10:19:45Z,363,361.7,11.24,,,,,
397,2022-06-23T10:19:48Z,363,361.7,11.24,,,,,
398,2022-06-23T10:19:51Z,363.3,362.4,11.26,,,,,
399,2022-06-23T10:19:54Z,363.3,362.4,11.34,,,,,
400,2022-06-23T10:19:57Z,363.7,362.8,11.35,,,,,
401,2022-06-23T10:20:00Z,362.9,361.7,11.24,,,,,
402,2022-06-23T10:20:03Z,363.4,362.4,11.32,,,,,
403,2022-06-23T10:20:06Z,362.9,361.7,11.22,,,,,
404,2022-06-23T10:20:09Z,363,361.7,11.23,,,,,
405,2022-06-23T10:20:12Z,363.2,362.1,11.24,,,,,
406,2022-06-23T10:20:15Z,363.5,362.8,11.24,,,,,
407,2022-06-23T10:20:18Z,362.9,361.7,11.17,,,,,
408,2022-06-23T10:20:21Z,362.5,361.7,11.17,,,,,
409,2022-06-23T10:20:24Z,363.2,362.1,11.24,,,,,
410,2022-06-23T10:20:27Z,363,361.7,11.18,,,,,
411,2022-06-23T10:20:30Z,363.3,361.7,11.16,,,,,
412,2022-06-23T10:20:33Z,362.7,361.7,11.16,,,,,
413,2022-06-23T10:20:36Z,362.7,361.7,11.16,,,,,
414,2022-06-23T10:20:39Z,362.7,361.7,11.16,,,,,
415,2022-06-23T10:20:42Z,362.5,361.7,11.1,,,,,
416,2022-06-23T10:20:45Z,362.6,361.7,11.1,,,,,
417,2022-06-23T10:20:48Z,362.5,361.7,11.1,,,,,
418,2022-06-23T10:20:51Z,362.6,361.7,11.1,,,,,
419,2022-06-23T10:20:54Z,362.6,361.7,11.09,,,,,
420,2022-06-23T10:20:57Z,362.6,361.7,11.07,,,,,
421,2022-06-23T10:21:00Z,362.6,361.7,11.1,,,,,
422,2022-06-23T10:21:03Z,362.4,361,11.03,,,,,
423,2022-06-23T10:21:06Z,362.4,361,11.03,,,,,
424,2022-06-23T10:21:09Z,362.4,361,11.05,,,,,
425,2022-06-23T10:21:12Z,362.4,361,11.04,,,,,
426,2022-06-23T10:21:15Z,362.4,361,11.03,,,,,
427,2022-06-23T10:21:18Z,362.2,361,11.01,,,,,
428,2022-06-23T10:21:21Z,362.4,361,11.05,,,,,
429,2022-06-23T10:21:24Z,362.4,361,11.01,,,,,
430,2022-06-23T10:21:27Z,362.3,361,10.99,,,,,
431,2022-06-23T10:21:30Z,362.4,361,11,,,,,
432,2022-06-23T10:21:33Z,362.2,360.6,10.98,,,,,
433,2022-06-23T10:21:36Z,362.2,360.7,10.96,,,,,
434,2022-06-23T10:21:39Z,362.2,360.7,10.95,,,,,
435,2022-06-23T10:21:42Z,362.1,360.7,10.94,,,,,
436,2022-06-23T10:21:45Z,362.1,360.7,10.95,,,,,
437,2022-06-23T10:21:48Z,362.1,360.7,10.95,,,,,
438,2022-06-23T10:21:51Z,362.1,360.7,10.96,,,,,
439,2022-06-23T10:21:54Z,362.2,360.7,10.96,,,,,
440,2022-06-23T10:21:57Z,362.2,360.7,10.95,,,,,
441,2022-06-23T10:22:00Z,362.2,360.7,10.95,,,,,
442,2022-06-23T10:22:03Z,362.1,360.7,10.94,,,,,
443,2022-06-23T10:22:06Z,362.1,360.7,10.94,,,,,
444,2022-06-23T10:22:09Z,362.2,360.7,10.94,,,,,
445,2022-06-23T10:22:12Z,362,360.7,10.94,,,,,
446,2022-06-23T10:22:15Z,362,360.3,10.94,,,,,
447,2022-06-23T10:22:18Z,362,360.3,10.92,,,,,
448,2022-06-23T10:22:21Z,362,360.3,10.94,,,,,
449,2022-06-23T10:22:24Z,362,360.3,10.93,,,,,
450,2022-06-23T10:22:27Z,362,360.7,10.94,,,,,
451,2022-06-23T10:22:30Z,362,360.7,10.94,,,,,
452,2022-06-23T10:22:33Z,362,360.3,10.93,,,,,
453,2022-06-23T10:22:36Z,362,360.3,10.92,,,,,
454,2022-06-23T10:22:39Z,361.9,360.3,10.93,,,,,
455,2022-06-23T10:22:42Z,362.1,360.7,10.93,,,,,
456,2022-06-23T10:22:45Z,362,360.3,10.94,,,,,
457,2022-06-23T10:22:48Z,362,360.3,10.94,,,,,
458,2022-06-23T10:22:51Z,361.9,360.3,10.94,,,,,
459,2022-06-23T10:22:54Z,362,360.3,10.94,,,,,
460,2022-06-23T10:22:57Z,361.9,360.3,10.94,,,,,
461,2022-06-23T10:23:00Z,361.9,360.3,10.93,,,,,
462,2022-06-23T10:23:03Z,361.9,360.3,10.92,,,,,
463,2022-06-23T10:23:06Z,362,360.3,10.94,,,,,
464,2022-06-23T10:23:09Z,361.9,360.3,10.92,,,,,
465,2022-06-23T10:23:12Z,361.9,360.3,10.93,,,,,
466,2022-06-23T10:23:15Z,362,360.3,10.93,,,,,
467,2022-06-23T10:23:18Z,362.1,360.3,10.93,,,,,
468,2022-06-23T10:23:21Z,362.1,360.3,10.93,,,,,
469,2022-06-23T10:23:24Z,362,360.3,10.93,,,,,
470,2022-06-23T10:23:27Z,362,360.3,10.93,,,,,
471,2022-06-23T10:23:30Z,362,360.3,10.92,,,,,
472,2022-06-23T10:23:33Z,362,360.3,10.94,,,,,
473,2022-06-23T10:23:36Z,362,360.3,10.92,,,,,
474,2022-06-23T10:23:39Z,362,360.3,10.92,,,,,
475,2022-06-23T10:23:42Z,362.1,360.3,10.93,,,,,
476,2022-06-23T10:23:45Z,362.1,360.3,10.94,,,,,
477,2022-06-23T10:23:48Z,361.9,360.3,10.93,,,,,
478,2022-06-23T10:23:51Z,362.1,360.3,10.93,,,,,
479,2022-06-23T10:23:54Z,361.9,360.3,10.93,,,,,
480,2022-06-23T10:23:57Z,361.9,359.9,10.93,,,,,
481,2022-06-23T10:24:00Z,362,359.9,10.92,,,,,
482,2022-06-23T10:24:03Z,361.9,359.9,10.92,,,,,
483,2022-06-23T10:24:06Z,362,359.9,10.92,,,,,
484,2022-06-23T10:24:09Z,361.9,360.3,10.93,,,,,
485,2022-06-23T10:24:12Z,361.9,359.9,10.92,,,,,
486,2022-06-23T10:24:15Z,362,359.9,10.92,,,,,
487,2022-06-23T10:24:18Z,361.9,359.9,10.93,,,,,
488,2022-06-23T10:24:21Z,361.9,359.9,10.93,,,,,
489,2022-06-23T10:24:24Z,361.9,359.9,10.93,,,,,
490,2022-06-23T10:24:27Z,361.9,359.9,10.93,,,,,
491,2022-06-23T10:24:30Z,361.8,359.9,10.93,,,,,
492,2022-06-23T10:24:33Z,361.9,359.9,10.93,,,,,
493,2022-06-23T10:24:36Z,361.9,359.9,10.93,,,,,
494,2022-06-23T10:24:39Z,361.9,359.9,10.93,,,,,
495,2022-06-23T10:24:42Z,361.9,360.3,10.94,,,,,
496,2022-06-23T10:24:45Z,361.8,359.9,10.93,,,,,
497,2022-06-23T10:24:48Z,361.9,359.9,10.93,,,,,
498,2022-06-23T10:24:51Z,361.9,359.9,10.93,,,,,
499,2022-06-23T10:24:54Z,361.8,359.5,10.93,,,,,
500,2022-06-23T10:24:57Z,361.9,359.9,10.94,,,,,
501,2022-06-23T10:25:00Z,361.9,359.9,10.93,,,,,
502,2022-06-23T10:25:03Z,361.8,359.9,10.93,,,,,
503,2022-06-23T10:25:06Z,361.8,360.3,10.92,,,,,
504,2022-06-23T10:25:09Z,361.7,359.9,10.92,,,,,
505,2022-06-23T10:25:12Z,361.8,359.9,10.93,,,,,
506,2022-06-23T10:25:15Z,361.8,359.9,10.94,,,,,
507,2022-06-23T10:25:18Z,361.8,359.9,10.93,,,,,
508,2022-06-23T10:25:21Z,361.9,359.9,10.93,,,,,
509,2022-06-23T10:25:24Z,361.7,359.5,10.93,,,,,
510,2022-06-23T10:25:27Z,361.7,359.5,10.93,,,,,
511,2022-06-23T10:25:30Z,361.8,359.5,10.92,,,,,
512,2022-06-23T10:25:33Z,361.8,359.5,10.9,,,,,
513,2022-06-23T10:25:36Z,361.8,359.5,10.92,,,,,
514,2022-06-23T10:25:39Z,361.7,359.5,10.93,,,,,
515,2022-06-23T10:25:42Z,361.8,359.5,10.93,,,,,
516,2022-06-23T10:25:45Z,361.8,359.5,10.94,,,,,
517,2022-06-23T10:25:48Z,361.8,359.5,10.94,,,,,
518,2022-06-23T10:25:51Z,361.7,359.5,10.93,,,,,
519,2022-06-23T10:25:54Z,361.7,359.5,10.94,,,,,
520,2022-06-23T10:25:57Z,361.8,359.5,10.93,,,,,
521,2022-06-23T10:26:00Z,361.8,359.5,10.94,,,,,
522,2022-06-23T10:26:03Z,361.7,359.5,10.93,,,,,
523,2022-06-23T10:26:06Z,361.7,359.5,10.94,,,,,
524,2022-06-23T10:26:09Z,361.8,359.5,10.93,,,,,
525,2022-06-23T10:26:12Z,361.8,359.5,10.93,,,,,
526,2022-06-23T10:26:15Z,361.8,359.5,10.93,,,,,
527,2022-06-23T10:26:18Z,361.8,359.5,10.94,,,,,
528,2022-06-23T10:26:21Z,361.7,359.5,10.93,,,,,
529,2022-06-23T10:26:24Z,361.7,359.9,10.93,,,,,
530,2022-06-23T10:26:27Z,361.8,359.5,10.94,,,,,
531,2022-06-23T10:26:30Z,361.8,359.5,10.93,,,,,
532,2022-06-23T10:26:33Z,361.8,359.5,10.95,,,,,
533,2022-06-23T10:26:36Z,361.8,359.5,10.94,,,,,
534,2022-06-23T10:26:39Z,361.8,359.5,10.94,,,,,
535,2022-06-23T10:26:42Z,361.7,359.5,10.94,,,,,
536,2022-06-23T10:26:45Z,361.7,359.5,10.94,,,,,
537,2022-06-23T10:26:48Z,361.8,359.5,10.94,,,,,
538,2022-06-23T10:26:51Z,361.8,359.5,10.94,,,,,
539,2022-06-23T10:26:54Z,361.7,359.5,10.94,,,,,
540,2022-06-23T10:26:57Z,361.8,359.5,10.94,,,,,
541,2022-06-23T10:27:00Z,361.8,359.5,10.94,,,,,
542,2022-06-23T10:27:03Z,361.8,359.5,10.94,,,,,
543,2022-06-23T10:27:06Z,361.7,359.5,10.94,,,,,
544,2022-06-23T10:27:09Z,361.8,359.5,10.94,,,,,
545,2022-06-23T10:27:12Z,361.8,359.5,10.95,,,,,
546,2022-06-23T10:27:15Z,361.8,359.5,10.95,,,,,
547,2022-06-23T10:27:18Z,361.8,359.5,10.95,,,,,
548,2022-06-23T10:27:21Z,361.9,359.5,10.94,,,,,
549,2022-06-23T10:27:24Z,361.9,359.9,10.94,,,,,
550,2022-06-23T10:27:27Z,361.8,359.5,10.95,,,,,
551,2022-06-23T10:27:30Z,361.8,359.5,10.95,,,,,
552,2022-06-23T10:27:33Z,361.8,359.5,10.94,,,,,
553,2022-06-23T10:27:36Z,361.8,359.5,10.95,,,,,
554,2022-06-23T10:27:39Z,361.8,359.5,10.94,,,,,
555,2022-06-23T10:27:42Z,361.8,359.5,10.95,,,,,
556,2022-06-23T10:27:45Z,361.8,359.5,10.94,,,,,
557,2022-06-23T10:27:48Z,361.9,359.5,10.94,,,,,
558,2022-06-23T10:27:51Z,361.8,359.5,10.95,,,,,
559,2022-06-23T10:27:54Z,361.9,359.5,10.95,,,,,
560,2022-06-23T10:27:57Z,361.9,359.5,10.95,,,,,
561,2022-06-23T10:28:00Z,361.9,359.5,10.95,,,,,
562,2022-06-23T10:28:03Z,361.9,359.5,10.96,,,,,
563,2022-06-23T10:28:06Z,361.9,359.9,10.95,,,,,
564,2022-06-23T10:28:09Z,361.9,359.9,10.95,,,,,
565,2022-06-23T10:28:12Z,361.9,359.5,10.96,,,,,
566,2022-06-23T10:28:15Z,361.9,359.5,10.95,,,,,
567,2022-06-23T10:28:18Z,361.9,359.5,10.96,,,,,
568,2022-06-23T10:28:21Z,361.9,359.5,10.96,,,,,
569,2022-06-23T10:28:24Z,361.9,359.5,10.96,,,,,
570,2022-06-23T10:28:27Z,361.9,359.5,10.96,,,,,
571,2022-06-23T10:28:30Z,361.9,359.5,10.96,,,,,
572,2022-06-23T10:28:33Z,361.9,359.5,10.96,,,,,
573,2022-06-23T10:28:36Z,361.9,359.5,10.96,,,,,
574,2022-06-23T10:28:39Z,361.9,359.9,10.96,,,,,
575,2022-06-23T10:28:42Z,361.9,359.5,10.96,,,,,
576,2022-06-23T10:28:45Z,362,359.5,10.96,,,,,
577,2022-06-23T10:28:48Z,361.9,359.5,10.98,,,,,
578,2022-06-23T10:28:51Z,362,359.5,10.98,,,,,
579,2022-06-23T10:28:54Z,361.9,359.5,10.96,,,,,
580,2022-06-23T10:28:57Z,361.9,359.5,10.98,,,,,
581,2022-06-23T10:29:00Z,361.9,359.5,10.98,,,,,
582,2022-06-23T10:29:03Z,361.9,359.5,10.99,,,,,
583,2022-06-23T10:29:06Z,362,359.5,10.98,,,,,
584,2022-06-23T10:29:09Z,361.9,359.9,10.96,,,,,
585,2022-06-23T10:29:12Z,362,359.9,10.98,,,,,
586,2022-06-23T10:29:15Z,362,359.5,10.98,,,,,
587,2022-06-23T10:29:18Z,362,359.5,10.98,,,,,
588,2022-06-23T10:29:21Z,362.1,359.9,10.99,,,,,
589,2022-06-23T10:29:24Z,362,360.3,10.99,,,,,
590,2022-06-23T10:29:27Z,362,359.5,10.99,,,,,
591,2022-06-23T10:29:30Z,362.1,359.5,10.99,,,,,
592,2022-06-23T10:29:33Z,362,359.9,10.98,,,,,
593,2022-06-23T10:29:36Z,362.1,359.9,10.99,,,,,
594,2022-06-23T10:29:39Z,362,359.5,10.99,,,,,
595,2022-06-23T10:29:42Z,362.1,359.9,10.99,,,,,
596,2022-06-23T10:29:45Z,362,359.9,10.99,,,,,
597,2022-06-23T10:29:48Z,362.1,360.3,10.99,,,,,
598,2022-06-23T10:29:51Z,362.1,359.9,10.99,,,,,
599,2022-06-23T10:29:54Z,362.1,359.5,10.99,,,,,
600,2022-06-23T10:29:57Z,362.1,359.9,10.99,,,,,
601,2022-06-23T10:30:00Z,362.1,359.9,10.99,,,,,
602,2022-06-23T10:30:03Z,362.1,359.9,11,,,,,
603,2022-06-23T10:30:06Z,362.1,359.9,10.99,,,,,
604,2022-06-23T10:30:09Z,362.1,359.5,10.99,,,,,
605,2022-06-23T10:30:12Z,362.1,360.3,11,,,,,
606,2022-06-23T10:30:15Z,362.2,359.5,11.01,,,,,
607,2022-06-23T10:30:18Z,362.2,360.3,11,,,,,
608,2022-06-23T10:30:21Z,362.1,359.9,11,,,,,
609,2022-06-23T10:30:24Z,362.2,360.3,11,,,,,
610,2022-06-23T10:30:27Z,362.2,360.3,11,,,,,
611,2022-06-23T10:30:30Z,362.2,359.9,11,,,,,
612,2022-06-23T10:30:33Z,362.1,359.9,11.01,,,,,
613,2022-06-23T10:30:36Z,362.1,359.9,11.01,,,,,
614,2022-06-23T10:30:39Z,362.3,359.9,11,,,,,
615,2022-06-23T10:30:42Z,362.3,359.9,11,,,,,
616,2022-06-23T10:30:45Z,362.1,359.9,11.01,,,,,
617,2022-06-23T10:30:48Z,362.1,360.3,11.01,,,,,
618,2022-06-23T10:30:51Z,362.3,360.3,11.01,,,,,
619,2022-06-23T10:30:54Z,362.3,360.3,11.01,,,,,
620,2022-06-23T10:30:57Z,362.3,360.3,11.01,,,,,
621,2022-06-23T10:31:00Z,362.3,360.3,11.01,,,,,
622,2022-06-23T10:31:03Z,362.4,359.9,11.01,,,,,
623,2022-06-23T10:31:06Z,362.4,359.9,11.01,,,,,
624,2022-06-23T10:31:09Z,362.3,360.3,11.03,,,,,
625,2022-06-23T10:31:12Z,362.3,360.3,11.03,,,,,
626,2022-06-23T10:31:15Z,362.4,359.9,11.01,,,,,
627,2022-06-23T10:31:18Z,362.4,360.3,11.03,,,,,
628,2022-06-23T10:31:21Z,362.4,360.3,11.01,,,,,
629,2022-06-23T10:31:24Z,362.4,360.3,11.01,,,,,
630,2022-06-23T10:31:27Z,362.4,360.3,11.01,,,,,
631,2022-06-23T10:31:30Z,362.4,359.9,11.01,,,,,
632,2022-06-23T10:31:33Z,362.4,359.9,11.01,,,,,
633,2022-06-23T10:31:36Z,362.4,360.3,11.01,,,,,
634,2022-06-23T10:31:39Z,362.4,359.9,11.03,,,,,
635,2022-06-23T10:31:42Z,362.4,360.3,11.03,,,,,
636,2022-06-23T10:31:45Z,362.3,360.2,11.04,,,,,
637,2022-06-23T10:31:48Z,362.4,360.2,11.04,,,,,
638,2022-06-23T10:31:51Z,362.5,360.2,11.04,,,,,
639,2022-06-23T10:31:54Z,362.4,360.2,11.04,,,,,
640,2022-06-23T10:31:57Z,362.4,360.3,11.03,,,,,
641,2022-06-23T10:32:00Z,362.4,360.3,11.03,,,,,
642,2022-06-23T10:32:03Z,362.5,360.2,11.04,,,,,
643,2022-06-23T10:32:06Z,362.5,360.2,11.04,,,,,
644,2022-06-23T10:32:09Z,362.5,360.2,11.04,,,,,
645,2022-06-23T10:32:12Z,362.5,360.2,11.04,,,,,
646,2022-06-23T10:32:15Z,362.5,360.2,11.04,,,,,
647,2022-06-23T10:32:18Z,362.4,360.2,11.04,,,,,
648,2022-06-23T10:32:21Z,362.5,360.2,11.05,,,,,
649,2022-06-23T10:32:24Z,362.4,360.2,11.04,,,,,
650,2022-06-23T10:32:27Z,362.5,360.2,11.05,,,,,
651,2022-06-23T10:32:30Z,362.5,360.2,11.04,,,,,
652,2022-06-23T10:32:33Z,362.6,360.2,11.04,,,,,
653,2022-06-23T10:32:36Z,362.5,360.2,11.04,,,,,
654,2022-06-23T10:32:39Z,362.5,360.2,11.04,,,,,
655,2022-06-23T10:32:42Z,362.6,360.2,11.05,,,,,
656,2022-06-23T10:32:45Z,362.6,360.2,11.05,,,,,
657,2022-06-23T10:32:48Z,362.5,360.2,11.04,,,,,
658,2022-06-23T10:32:51Z,362.6,360.2,11.06,,,,,
659,2022-06-23T10:32:54Z,362.6,360.2,11.05,,,,,
660,2022-06-23T10:32:57Z,362.6,360.2,11.05,,,,,
661,2022-06-23T10:33:00Z,362.6,360.2,11.05,,,,,
662,2022-06-23T10:33:03Z,362.6,360.2,11.06,,,,,
663,2022-06-23T10:33:06Z,362.6,360.2,11.05,,,,,
664,2022-06-23T10:33:09Z,362.6,360.2,11.05,,,,,
665,2022-06-23T10:33:12Z,362.6,360.2,11.06,,,,,
666,2022-06-23T10:33:15Z,362.6,360.2,11.04,,,,,
667,2022-06-23T10:33:18Z,362.6,360.2,11.05,,,,,
668,2022-06-23T10:33:21Z,362.6,360.2,11.06,,,,,
669,2022-06-23T10:33:24Z,362.6,360.2,11.05,,,,,
670,2022-06-23T10:33:27Z,362.6,360.2,11.05,,,,,
671,2022-06-23T10:33:30Z,362.6,360.2,11.05,,,,,
672,2022-06-23T10:33:33Z,362.6,360.2,11.06,,,,,
673,2022-06-23T10:33:36Z,362.6,360.2,11.06,,,,,
674,2022-06-23T10:33:39Z,362.7,360.2,11.06,,,,,
675,2022-06-23T10:33:42Z,362.6,360.6,11.06,,,,,
676,2022-06-23T10:33:45Z,362.6,360.2,11.06,,,,,
677,2022-06-23T10:33:48Z,362.6,360.2,11.05,,,,,
678,2022-06-23T10:33:51Z,362.6,360.2,11.05,,,,,
679,2022-06-23T10:33:54Z,362.7,360.2,11.06,,,,,
680,2022-06-23T10:33:57Z,362.7,360.2,11.05,,,,,
681,2022-06-23T10:34:00Z,362.6,360.2,11.05,,,,,
682,2022-06-23T10:34:03Z,362.7,360.2,11.05,,,,,
683,2022-06-23T10:34:06Z,362.6,360.2,11.06,,,,,
684,2022-06-23T10:34:09Z,362.7,360.2,11.06,,,,,
685,2022-06-23T10:34:12Z,362.6,360.2,11.06,,,,,
686,2022-06-23T10:34:15Z,362.6,360.2,11.05,,,,,
687,2022-06-23T10:34:18Z,362.6,360.2,11.05,,,,,
688,2022-06-23T10:34:21Z,362.7,360.2,11.06,,,,,
689,2022-06-23T10:34:24Z,362.7,360.2,11.05,,,,,
690,2022-06-23T10:34:27Z,362.6,360.2,11.05,,,,,
691,2022-06-23T10:34:30Z,362.6,360.2,11.06,,,,,
692,2022-06-23T10:34:33Z,362.6,360.2,11.06,,,,,
693,2022-06-23T10:34:36Z,362.6,360.2,11.05,,,,,
694,2022-06-23T10:34:39Z,362.6,360.2,11.06,,,,,
695,2022-06-23T10:34:42Z,362.6,360.2,11.05,,,,,
696,2022-06-23T10:34:45Z,362.6,360.2,11.06,,,,,
697,2022-06-23T10:34:48Z,362.6,360.2,11.05,,,,,
698,2022-06-23T10:34:51Z,58.1,56.3,11.15,,,,,
699,2022-06-23T10:34:54Z,363,360.6,11.09,,,,,
700,2022-06-23T10:34:57Z,362.7,360.2,11.1,,,,,
701,2022-06-23T10:35:00Z,362.8,360.6,11.09,,,,,
702,2022-06-23T10:35:03Z,362.8,360.6,11.1,,,,,
703,2022-06-23T10:35:06Z,362.9,360.2,11.09,,,,,
704,2022-06-23T10:35:09Z,362.8,360.2,11.09,,,,,
705,2022-06-23T10:35:12Z,362.8,360.6,11.09,,,,,
706,2022-06-23T10:35:15Z,362.8,360.6,11.1,,,,,
707,2022-06-23T10:35:18Z,362.8,360.6,11.09,,,,,
708,2022-06-23T10:35:21Z,362.9,360.2,11.09,,,,,
709,2022-06-23T10:35:24Z,362.9,360.6,11.09,,,,,
710,2022-06-23T10:35:27Z,362.8,360.2,11.09,,,,,
711,2022-06-23T10:35:30Z,362.9,360.6,11.09,,,,,
712,2022-06-23T10:35:33Z,362.9,360.6,11.1,,,,,
713,2022-06-23T10:35:36Z,362.8,360.6,11.1,,,,,
714,2022-06-23T10:35:39Z,362.9,360.6,11.09,,,,,
715,2022-06-23T10:35:42Z,362.9,360.6,11.07,,,,,
716,2022-06-23T10:35:45Z,362.7,360.2,11.07,,,,,
717,2022-06-23T10:35:48Z,362.8,360.2,11.07,,,,,
718,2022-06-23T10:35:51Z,362.8,360.2,11.09,,,,,
719,2022-06-23T10:35:54Z,362.8,360.2,11.09,,,,,
720,2022-06-23T10:35:57Z,362.8,360.6,11.09,,,,,
721,2022-06-23T10:36:00Z,362.8,360.2,11.07,,,,,
722,2022-06-23T10:36:03Z,362.7,360.2,11.07,,,,,
723,2022-06-23T10:36:06Z,362.8,360.2,11.07,,,,,
724,2022-06-23T10:36:09Z,362.9,360.2,11.07,,,,,
725,2022-06-23T10:36:12Z,362.8,360.2,11.09,,,,,
726,2022-06-23T10:36:15Z,362.8,360.6,11.06,,,,,
727,2022-06-23T10:36:18Z,362.8,360.2,11.07,,,,,
728,2022-06-23T10:36:21Z,362.9,360.6,11.07,,,,,
729,2022-06-23T10:36:24Z,362.8,360.2,11.07,,,,,
730,2022-06-23T10:36:27Z,362.8,360.6,11.09,,,,,
731,2022-06-23T10:36:30Z,362.8,360.6,11.09,,,,,
732,2022-06-23T10:36:33Z,362.7,360.2,11.07,,,,,
733,2022-06-23T10:36:36Z,362.8,360.6,11.07,,,,,
734,2022-06-23T10:36:39Z,362.8,360.6,11.09,,,,,
735,2022-06-23T10:36:42Z,362.8,360.6,11.09,,,,,
736,2022-06-23T10:36:45Z,362.9,360.2,11.07,,,,,
737,2022-06-23T10:36:48Z,362.8,360.2,11.09,,,,,
738,2022-06-23T10:36:51Z,362.9,360.2,11.09,,,,,
739,2022-06-23T10:36:54Z,362.9,360.2,11.07,,,,,
740,2022-06-23T10:36:57Z,362.8,360.2,11.07,,,,,
741,2022-06-23T10:37:00Z,362.9,360.6,11.07,,,,,
742,2022-06-23T10:37:03Z,362.8,360.2,11.07,,,,,
743,2022-06-23T10:37:06Z,362.8,360.2,11.07,,,,,
744,2022-06-23T10:37:09Z,362.8,360.6,11.07,,,,,
745,2022-06-23T10:37:12Z,362.8,360.2,11.07,,,,,
746,2022-06-23T10:37:15Z,362.8,360.6,11.09,,,,,
747,2022-06-23T10:37:18Z,362.8,360.6,11.07,,,,,
748,2022-06-23T10:37:21Z,362.9,360.6,11.09,,,,,
749,2022-06-23T10:37:24Z,362.8,360.6,11.09,,,,,
750,2022-06-23T10:37:27Z,362.8,360.2,11.07,,,,,
751,2022-06-23T10:37:30Z,362.7,360.6,11.07,,,,,
752,2022-06-23T10:37:33Z,362.9,360.6,11.07,,,,,
753,2022-06-23T10:37:36Z,362.8,360.2,11.09,,,,,
754,2022-06-23T10:37:39Z,362.9,360.2,11.07,,,,,
755,2022-06-23T10:37:42Z,362.8,360.6,11.09,,,,,
756,2022-06-23T10:37:45Z,362.9,360.2,11.07,,,,,
757,2022-06-23T10:37:48Z,362.9,360.2,11.07,,,,,
758,2022-06-23T10:37:51Z,362.9,360.6,11.07,,,,,
759,2022-06-23T10:37:54Z,362.8,360.2,11.09,,,,,
760,2022-06-23T10:37:57Z,362.8,360.6,11.09,,,,,
761,2022-06-23T10:38:00Z,362.8,360.2,11.09,,,,,
762,2022-06-23T10:38:03Z,362.9,360.2,11.09,,,,,
763,2022-06-23T10:38:06Z,362.8,360.2,11.09,,,,,
764,2022-06-23T10:38:09Z,362.9,360.2,11.07,,,,,
765,2022-06-23T10:38:12Z,362.8,360.6,11.07,,,,,
766,2022-06-23T10:38:15Z,362.8,360.6,11.09,,,,,
767,2022-06-23T10:38:18Z,362.9,360.6,11.09,,,,,
768,2022-06-23T10:38:21Z,362.8,360.2,11.09,,,,,
769,2022-06-23T10:38:24Z,362.8,360.6,11.09,,,,,
770,2022-06-23T10:38:27Z,362.9,360.6,11.09,,,,,
771,2022-06-23T10:38:30Z,362.9,360.2,11.07,,,,,
772,2022-06-23T10:38:33Z,363,360.6,11.09,,,,,
773,2022-06-23T10:38:36Z,362.9,360.6,11.09,,,,,
774,2022-06-23T10:38:39Z,362.9,360.6,11.09,,,,,
775,2022-06-23T10:38:42Z,363,360.6,11.09,,,,,
776,2022-06-23T10:38:45Z,362.9,360.2,11.09,,,,,
777,2022-06-23T10:38:48Z,362.8,360.2,11.09,,,,,
778,2022-06-23T10:38:51Z,362.8,360.6,11.09,,,,,
779,2022-06-23T10:38:54Z,362.9,360.2,11.07,,,,,
780,2022-06-23T10:38:57Z,362.9,360.6,11.09,,,,,
781,2022-06-23T10:39:00Z,362.9,360.6,11.09,,,,,
782,2022-06-23T10:39:03Z,362.9,360.2,11.09,,,,,
783,2022-06-23T10:39:06Z,362.9,360.6,11.09,,,,,
784,2022-06-23T10:39:09Z,362.9,360.6,11.09,,,,,
785,2022-06-23T10:39:12Z,362.8,360.6,11.09,,,,,
786,2022-06-23T10:39:15Z,362.9,360.6,11.09,,,,,
787,2022-06-23T10:39:18Z,362.9,360.6,11.09,,,,,
788,2022-06-23T10:39:21Z,362.8,360.6,11.09,,,,,
789,2022-06-23T10:39:24Z,362.9,360.6,11.07,,,,,
790,2022-06-23T10:39:27Z,363,360.6,11.09,,,,,
791,2022-06-23T10:39:30Z,362.9,360.6,11.09,,,,,
792,2022-06-23T10:39:33Z,362.9,360.6,11.09,,,,,
793,2022-06-23T10:39:36Z,363,360.6,11.09,,,,,
794,2022-06-23T10:39:39Z,362.9,360.6,11.09,,,,,
795,2022-06-23T10:39:42Z,362.9,360.6,11.09,,,,,
796,2022-06-23T10:39:45Z,362.9,360.6,11.09,,,,,
797,2022-06-23T10:39:48Z,362.9,360.2,11.07,,,,,
798,2022-06-23T10:39:51Z,362.9,360.2,11.07,,,,,
799,2022-06-23T10:39:54Z,362.9,360.6,11.07,,,,,
800,2022-06-23T10:39:57Z,362.9,360.6,11.09,,,,,
801,2022-06-23T10:40:00Z,362.9,360.2,11.07,,,,,
802,2022-06-23T10:40:03Z,362.9,360.2,11.07,,,,,
803,2022-06-23T10:40:06Z,362.9,360.2,11.07,,,,,
804,2022-06-23T10:40:09Z,362.9,360.6,11.09,,,,,
805,2022-06-23T10:40:12Z,362.8,360.2,11.09,,,,,
806,2022-06-23T10:40:15Z,362.9,360.2,11.07,,,,,
807,2022-06-23T10:40:18Z,362.8,360.2,11.07,,,,,
808,2022-06-23T10:40:21Z,362.9,360.6,11.07,,,,,
809,2022-06-23T10:40:24Z,362.8,360.2,11.07,,,,,
810,2022-06-23T10:40:27Z,362.9,360.6,11.07,,,,,
811,2022-06-23T10:40:30Z,362.9,360.2,11.07,,,,,
812,2022-06-23T10:40:33Z,362.9,360.2,11.07,,,,,
813,2022-06-23T10:40:36Z,362.8,360.2,11.09,,,,,
814,2022-06-23T10:40:39Z,362.9,360.6,11.07,,,,,
815,2022-06-23T10:40:42Z,362.8,360.2,11.07,,,,,
816,2022-06-23T10:40:45Z,362.9,360.6,11.07,,,,,
817,2022-06-23T10:40:48Z,362.9,360.2,11.07,,,,,
818,2022-06-23T10:40:51Z,362.9,360.6,11.07,,,,,
819,2022-06-23T10:40:54Z,362.8,360.2,11.09,,,,,
820,2022-06-23T10:40:57Z,362.9,360.6,11.07,,,,,
821,2022-06-23T10:41:00Z,362.9,360.2,11.09,,,,,
822,2022-06-23T10:41:03Z,362.9,360.2,11.06,,,,,
823,2022-06-23T10:41:06Z,362.9,360.6,11.07,,,,,
824,2022-06-23T10:41:09Z,362.9,360.2,11.06,,,,,
825,2022-06-23T10:41:12Z,362.9,360.6,11.06,,,,,
826,2022-06-23T10:41:15Z,362.9,360.2,11.07,,,,,
827,2022-06-23T10:41:18Z,362.9,360.6,11.06,,,,,
828,2022-06-23T10:41:21Z,362.9,360.6,11.07,,,,,
829,2022-06-23T10:41:24Z,362.9,360.2,11.06,,,,,
830,2022-06-23T10:41:27Z,362.9,360.2,11.07,,,,,
831,2022-06-23T10:41:30Z,362.9,360.6,11.07,,,,,
832,2022-06-23T10:41:33Z,362.9,360.6,11.06,,,,,
833,2022-06-23T10:41:36Z,362.9,360.2,11.06,,,,,
834,2022-06-23T10:41:39Z,362.8,360.2,11.07,,,,,
835,2022-06-23T10:41:42Z,362.9,360.2,11.07,,,,,
836,2022-06-23T10:41:45Z,362.9,360.6,11.07,,,,,
837,2022-06-23T10:41:48Z,362.9,360.6,11.07,,,,,
838,2022-06-23T10:41:51Z,362.8,360.2,11.06,,,,,
839,2022-06-23T10:41:54Z,362.9,360.2,11.06,,,,,
840,2022-06-23T10:41:57Z,362.8,360.2,11.06,,,,,
841,2022-06-23T10:42:00Z,362.9,360.6,11.09,,,,,
842,2022-06-23T10:42:03Z,362.9,360.2,11.07,,,,,
843,2022-06-23T10:42:06Z,362.9,360.2,11.06,,,,,
844,2022-06-23T10:42:09Z,362.9,360.2,11.06,,,,,
845,2022-06-23T10:42:12Z,362.8,360.2,11.06,,,,,
846,2022-06-23T10:42:15Z,362.7,360.2,11.05,,,,,
847,2022-06-23T10:42:18Z,362.7,360.2,11.06,,,,,
848,2022-06-23T10:42:21Z,362.6,360.2,11.05,,,,,
849,2022-06-23T10:42:24Z,362.8,360.2,11.06,,,,,
850,2022-06-23T10:42:27Z,362.9,360.6,11.06,,,,,
851,2022-06-23T10:42:30Z,362.7,360.2,11.06,,,,,
852,2022-06-23T10:42:33Z,362.7,360.2,11.06,,,,,
853,2022-06-23T10:42:36Z,362.7,360.2,11.05,,,,,
854,2022-06-23T10:42:39Z,362.8,360.2,11.05,,,,,
855,2022-06-23T10:42:42Z,362.6,360.2,11.05,,,,,
856,2022-06-23T10:42:45Z,362.7,360.2,11.06,,,,,
857,2022-06-23T10:42:48Z,362.8,360.2,11.05,,,,,
858,2022-06-23T10:42:51Z,362.7,360.2,11.06,,,,,
859,2022-06-23T10:42:54Z,362.6,360.2,11.05,,,,,
860,2022-06-23T10:42:57Z,362.7,360.2,11.05,,,,,
861,2022-06-23T10:43:00Z,362.6,360.2,11.05,,,,,
862,2022-06-23T10:43:03Z,362.6,360.2,11.04,,,,,
863,2022-06-23T10:43:06Z,362.6,360.2,11.05,,,,,
864,2022-06-23T10:43:09Z,362.7,360.2,11.06,,,,,
865,2022-06-23T10:43:12Z,362.6,360.2,11.04,,,,,
866,2022-06-23T10:43:15Z,362.6,360.2,11.05,,,,,
867,2022-06-23T10:43:18Z,362.8,360.2,11.06,,,,,
868,2022-06-23T10:43:21Z,362.6,360.2,11.05,,,,,
869,2022-06-23T10:43:24Z,362.6,360.2,11.04,,,,,
870,2022-06-23T10:43:27Z,362.7,360.2,11.05,,,,,
871,2022-06-23T10:43:30Z,362.6,360.2,11.05,,,,,
872,2022-06-23T10:43:33Z,362.6,360.2,11.05,,,,,
873,2022-06-23T10:43:36Z,362.6,360.2,11.05,,,,,
874,2022-06-23T10:43:39Z,362.6,360.2,11.05,,,,,
875,2022-06-23T10:43:42Z,362.7,360.2,11.05,,,,,
876,2022-06-23T10:43:45Z,362.6,360.2,11.05,,,,,
877,2022-06-23T10:43:48Z,362.6,360.2,11.05,,,,,
878,2022-06-23T10:43:51Z,362.6,360.2,11.04,,,,,
879,2022-06-23T10:43:54Z,362.6,360.2,11.04,,,,,
880,2022-06-23T10:43:57Z,362.5,360.2,11.04,,,,,
881,2022-06-23T10:44:00Z,362.6,360.2,11.05,,,,,
882,2022-06-23T10:44:03Z,362.6,360.2,11.04,,,,,
883,2022-06-23T10:44:06Z,362.6,360.2,11.04,,,,,
884,2022-06-23T10:44:09Z,362.6,360.2,11.04,,,,,
885,2022-06-23T10:44:12Z,362.6,359.9,11.04,,,,,
886,2022-06-23T10:44:15Z,362.6,360.2,11.04,,,,,
887,2022-06-23T10:44:18Z,362.6,360.2,11.04,,,,,
888,2022-06-23T10:44:21Z,362.6,360.2,11.04,,,,,
889,2022-06-23T10:44:24Z,362.6,360.2,11.04,,,,,
890,2022-06-23T10:44:27Z,362.5,360.2,11.04,,,,,
891,2022-06-23T10:44:30Z,362.6,360.3,11.03,,,,,
892,2022-06-23T10:44:33Z,362.6,360.2,11.04,,,,,
893,2022-06-23T10:44:36Z,362.6,360.3,11.03,,,,,
894,2022-06-23T10:44:39Z,362.6,360.2,11.04,,,,,
895,2022-06-23T10:44:42Z,362.6,360.2,11.04,,,,,
896,2022-06-23T10:44:45Z,362.6,360.2,11.04,,,,,
897,2022-06-23T10:44:48Z,362.5,360.2,11.04,,,,,
898,2022-06-23T10:44:51Z,362.6,360.2,11.04,,,,,
899,2022-06-23T10:44:54Z,362.5,359.9,11.03,,,,,
900,2022-06-23T10:44:57Z,362.6,360.2,11.05,,,,,
901,2022-06-23T10:45:00Z,362.6,360.2,11.04,,,,,
902,2022-06-23T10:45:03Z,362.6,360.2,11.04,,,,,
903,2022-06-23T10:45:06Z,362.5,360.3,11.03,,,,,
904,2022-06-23T10:45:09Z,362.6,359.9,11.03,,,,,
905,2022-06-23T10:45:12Z,362.7,360.2,11.04,,,,,
906,2022-06-23T10:45:15Z,362.5,360.3,11.03,,,,,
907,2022-06-23T10:45:18Z,362.5,359.9,11.03,,,,,
908,2022-06-23T10:45:21Z,362.4,359.9,11.01,,,,,
909,2022-06-23T10:45:24Z,362.4,359.9,11.03,,,,,
910,2022-06-23T10:45:27Z,362.5,360.3,11.01,,,,,
911,2022-06-23T10:45:30Z,362.5,359.9,11.01,,,,,
912,2022-06-23T10:45:33Z,362.4,359.9,11.01,,,,,
913,2022-06-23T10:45:36Z,362.4,359.9,11.01,,,,,
914,2022-06-23T10:45:39Z,362.5,360.3,11.03,,,,,
915,2022-06-23T10:45:42Z,362.5,359.9,11.01,,,,,
916,2022-06-23T10:45:45Z,362.5,359.9,11.03,,,,,
917,2022-06-23T10:45:48Z,362.4,359.9,11.01,,,,,
918,2022-06-23T10:45:51Z,362.4,359.9,11.01,,,,,
919,2022-06-23T10:45:54Z,362.5,360.3,11.03,,,,,
920,2022-06-23T10:45:57Z,362.4,359.9,11.01,,,,,
921,2022-06-23T10:46:00Z,362.4,360.3,11.01,,,,,
922,2022-06-23T10:46:03Z,362.4,360.3,11.03,,,,,
923,2022-06-23T10:46:06Z,362.4,359.9,11.03,,,,,
924,2022-06-23T10:46:09Z,362.4,360.3,11.01,,,,,
925,2022-06-23T10:46:12Z,362.4,359.9,11.01,,,,,
926,2022-06-23T10:46:15Z,362.4,359.9,11.01,,,,,
927,2022-06-23T10:46:18Z,362.4,359.9,11,,,,,
928,2022-06-23T10:46:21Z,362.5,359.9,11.01,,,,,
929,2022-06-23T10:46:24Z,362.4,360.3,11.03,,,,,
930,2022-06-23T10:46:27Z,362.5,359.9,11.01,,,,,
931,2022-06-23T10:46:30Z,362.6,360.3,11.03,,,,,
932,2022-06-23T10:46:33Z,362.5,360.3,11.01,,,,,
933,2022-06-23T10:46:36Z,362.4,359.9,11.01,,,,,
934,2022-06-23T10:46:39Z,362.4,359.9,11.01,,,,,
935,2022-06-23T10:46:42Z,362.4,359.9,11.01,,,,,
936,2022-06-23T10:46:45Z,362.5,359.9,11.03,,,,,
937,2022-06-23T10:46:48Z,362.4,359.9,11,,,,,
938,2022-06-23T10:46:51Z,362.7,360.3,11.03,,,,,
939,2022-06-23T10:46:54Z,362.4,359.9,11.01,,,,,
940,2022-06-23T10:46:57Z,362.4,359.9,11.01,,,,,
941,2022-06-23T10:47:00Z,362.5,360.3,11.03,,,,,
942,2022-06-23T10:47:03Z,362.4,360.3,11,,,,,
943,2022-06-23T10:47:06Z,362.4,359.9,11,,,,,
944,2022-06-23T10:47:09Z,362.4,359.9,11.03,,,,,
945,2022-06-23T10:47:12Z,362.6,360.3,11.01,,,,,
946,2022-06-23T10:47:15Z,362.4,359.9,11,,,,,
947,2022-06-23T10:47:18Z,362.4,360.3,11,,,,,
948,2022-06-23T10:47:21Z,362.5,360.3,11.01,,,,,
949,2022-06-23T10:47:24Z,362.4,360.3,11.03,,,,,
950,2022-06-23T10:47:27Z,362.5,360.3,11.03,,,,,
951,2022-06-23T10:47:30Z,362.4,359.9,11.01,,,,,
952,2022-06-23T10:47:33Z,362.4,360.3,11.03,,,,,
953,2022-06-23T10:47:36Z,362.2,359.9,11.01,,,,,
954,2022-06-23T10:47:39Z,362.6,360.3,11.03,,,,,
955,2022-06-23T10:47:42Z,362.5,360.3,11.03,,,,,
956,2022-06-23T10:47:45Z,362.5,360.3,11.01,,,,,
957,2022-06-23T10:47:48Z,362.5,359.9,11.01,,,,,
958,2022-06-23T10:47:51Z,362.6,360.2,11.04,,,,,
959,2022-06-23T10:47:54Z,362.6,360.3,11.03,,,,,
960,2022-06-23T10:47:57Z,362.4,360.3,11.01,,,,,
961,2022-06-23T10:48:00Z,362.6,360.3,11.03,,,,,
962,2022-06-23T10:48:03Z,362.4,359.9,11.01,,,,,
963,2022-06-23T10:48:06Z,362.7,360.2,11.04,,,,,
964,2022-06-23T10:48:09Z,362.7,360.3,11.03,,,,,
965,2022-06-23T10:48:12Z,362.7,360.2,11.04,,,,,
966,2022-06-23T10:48:15Z,362.6,360.2,11.04,,,,,
967,2022-06-23T10:48:18Z,362.5,360.3,11.03,,,,,
968,2022-06-23T10:48:21Z,362.6,360.2,11.04,,,,,
969,2022-06-23T10:48:24Z,362.5,360.2,11.04,,,,,
970,2022-06-23T10:48:27Z,362.7,360.2,11.04,,,,,
971,2022-06-23T10:48:30Z,362.6,360.3,11.01,,,,,
972,2022-06-23T10:48:33Z,362.5,360.3,11.01,,,,,
973,2022-06-23T10:48:36Z,362.8,360.2,11.05,,,,,
974,2022-06-23T10:48:39Z,362.6,360.2,11.04,,,,,
975,2022-06-23T10:48:42Z,362.6,360.3,11.03,,,,,
976,2022-06-23T10:48:45Z,362.5,360.3,11.03,,,,,
977,2022-06-23T10:48:48Z,362.5,360.3,11.01,,,,,
978,2022-06-23T10:48:51Z,362.6,360.2,11.04,,,,,
979,2022-06-23T10:48:54Z,362.5,360.3,11.03,,,,,
980,2022-06-23T10:48:57Z,362.6,359.9,11.04,,,,,
981,2022-06-23T10:49:00Z,362.7,360.2,11.04,,,,,
982,2022-06-23T10:49:03Z,362.6,360.2,11.04,,,,,
983,2022-06-23T10:49:06Z,362.9,360.6,11.07,,,,,
984,2022-06-23T10:49:09Z,362.6,360.2,11.06,,,,,
985,2022-06-23T10:49:12Z,362.9,360.2,11.06,,,,,
986,2022-06-23T10:49:15Z,362.8,360.2,11.05,,,,,
987,2022-06-23T10:49:18Z,362.6,360.2,11.04,,,,,
988,2022-06-23T10:49:21Z,362.6,360.2,11.06,,,,,
989,2022-06-23T10:49:24Z,362.8,360.2,11.06,,,,,
990,2022-06-23T10:49:27Z,362.6,360.2,11.04,,,,,
991,2022-06-23T10:49:30Z,362.7,360.3,11.03,,,,,
992,2022-06-23T10:49:33Z,362.6,360.2,11.04,,,,,
993,2022-06-23T10:49:36Z,362.6,360.2,11.04,,,,,
994,2022-06-23T10:49:39Z,362.6,360.2,11.04,,,,,
995,2022-06-23T10:49:42Z,362.8,360.6,11.06,,,,,
996,2022-06-23T10:49:45Z,362.8,360.2,11.06,,,,,
997,2022-06-23T10:49:48Z,362.5,360.3,11.03,,,,,
998,2022-06-23T10:49:51Z,362.6,360.2,11.06,,,,,
999,2022-06-23T10:49:54Z,362.7,360.2,11.05,,,,,
1000,2022-06-23T10:49:57Z,362.7,360.2,11.05,,,,,
1001,2022-06-23T10:50:00Z,362.7,360.2,11.06,,,,,
1002,2022-06-23T10:50:03Z,362.8,360.2,11.06,,,,,
1003,2022-06-23T10:50:06Z,362.7,360.2,11.05,,,,,
1004,2022-06-23T10:50:09Z,362.9,360.6,11.07,,,,,
1005,2022-06-23T10:50:12Z,362.8,360.2,11.05,,,,,
1006,2022-06-23T10:50:15Z,362.7,360.2,11.06,,,,,
1007,2022-06-23T10:50:18Z,362.8,360.2,11.05,,,,,
1008,2022-06-23T10:50:21Z,362.9,360.6,11.05,,,,,
1009,2022-06-23T10:50:24Z,362.6,360.2,11.05,,,,,
1010,2022-06-23T10:50:27Z,362.7,360.2,11.05,,,,,
1011,2022-06-23T10:50:30Z,362.6,360.2,11.05,,,,,
1012,2022-06-23T10:50:33Z,362.7,360.2,11.05,,,,,
1013,2022-06-23T10:50:36Z,362.9,360.6,11.07,,,,,
1014,2022-06-23T10:50:39Z,362.7,360.2,11.06,,,,,
1015,2022-06-23T10:50:42Z,362.7,360.2,11.06,,,,,
1016,2022-06-23T10:50:45Z,362.9,360.2,11.06,,,,,
1017,2022-06-23T10:50:48Z,362.8,360.2,11.06,,,,,
1018,2022-06-23T10:50:51Z,362.9,360.2,11.06,,,,,
1019,2022-06-23T10:50:54Z,362.7,360.2,11.05,,,,,
1020,2022-06-23T10:50:57Z,362.6,360.2,11.05,,,,,
1021,2022-06-23T10:51:00Z,362.7,360.2,11.05,,,,,
1022,2022-06-23T10:51:03Z,362.9,360.6,11.06,,,,,
1023,2022-06-23T10:51:06Z,362.8,360.2,11.06,,,,,
1024,2022-06-23T10:51:09Z,363,360.2,11.07,,,,,
1025,2022-06-23T10:51:12Z,362.8,360.2,11.06,,,,,
1026,2022-06-23T10:51:15Z,362.8,360.2,11.06,,,,,
1027,2022-06-23T10:51:18Z,362.7,360.2,11.06,,,,,
1028,2022-06-23T10:51:21Z,362.6,360.2,11.05,,,,,
1029,2022-06-23T10:51:24Z,362.7,360.2,11.06,,,,,
1030,2022-06-23T10:51:27Z,362.7,360.2,11.07,,,,,
1031,2022-06-23T10:51:30Z,362.9,360.2,11.07,,,,,
1032,2022-06-23T10:51:33Z,362.8,360.2,11.06,,,,,
1033,2022-06-23T10:51:36Z,362.9,360.6,11.07,,,,,
1034,2022-06-23T10:51:39Z,363,360.6,11.09,,,,,
1035,2022-06-23T10:51:42Z,362.9,360.6,11.09,,,,,
1036,2022-06-23T10:51:45Z,362.9,360.2,11.07,,,,,
1037,2022-06-23T10:51:48Z,363,360.6,11.07,,,,,
1038,2022-06-23T10:51:51Z,363.1,360.6,11.09,,,,,
1039,2022-06-23T10:51:54Z,363.2,361,11.1,,,,,
1040,2022-06-23T10:51:57Z,362.9,360.6,11.07,,,,,
1041,2022-06-23T10:52:00Z,363.2,360.6,11.1,,,,,
1042,2022-06-23T10:52:03Z,362.9,360.6,11.09,,,,,
1043,2022-06-23T10:52:06Z,363,360.6,11.11,,,,,
1044,2022-06-23T10:52:09Z,363.1,360.6,11.11,,,,,
1045,2022-06-23T10:52:12Z,362.9,360.6,11.09,,,,,
1046,2022-06-23T10:52:15Z,363.1,360.6,11.11,,,,,
1047,2022-06-23T10:52:18Z,362.8,360.6,11.09,,,,,
1048,2022-06-23T10:52:21Z,362.8,360.6,11.09,,,,,
1049,2022-06-23T10:52:24Z,363,360.6,11.09,,,,,
1050,2022-06-23T10:52:27Z,363,360.2,11.09,,,,,
1051,2022-06-23T10:52:30Z,363.3,361,11.11,,,,,
1052,2022-06-23T10:52:33Z,363.2,360.6,11.12,,,,,
1053,2022-06-23T10:52:36Z,363.1,360.6,11.1,,,,,
1054,2022-06-23T10:52:39Z,363.3,361,11.12,,,,,
1055,2022-06-23T10:52:42Z,363.1,361,11.11,,,,,
1056,2022-06-23T10:52:45Z,363.1,360.6,11.1,,,,,
1057,2022-06-23T10:52:48Z,363.2,360.6,11.12,,,,,
1058,2022-06-23T10:52:51Z,363.4,361,11.11,,,,,
1059,2022-06-23T10:52:54Z,363.4,361,11.13,,,,,
1060,2022-06-23T10:52:57Z,363.6,361,11.15,,,,,
1061,2022-06-23T10:53:00Z,363.8,361.3,11.16,,,,,
1062,2022-06-23T10:53:03Z,363.9,361.3,11.17,,,,,
1063,2022-06-23T10:53:06Z,363.5,361,11.13,,,,,
1064,2022-06-23T10:53:09Z,363.9,361.3,11.13,,,,,
1065,2022-06-23T10:53:12Z,364.2,361.7,11.16,,,,,
1066,2022-06-23T10:53:15Z,364,361.7,11.15,,,,,
1067,2022-06-23T10:53:18Z,364.4,362.1,11.17,,,,,
1068,2022-06-23T10:53:21Z,364.2,361.7,11.15,,,,,
1069,2022-06-23T10:53:24Z,364.2,362.1,11.13,,,,,
1070,2022-06-23T10:53:27Z,364.5,362.1,11.15,,,,,
1071,2022-06-23T10:53:30Z,364.5,362.1,11.15,,,,,
1072,2022-06-23T10:53:33Z,364.8,362.1,11.15,,,,,
1073,2022-06-23T10:53:36Z,365.1,362.8,11.13,,,,,
1074,2022-06-23T10:53:39Z,365.6,363.2,11.18,,,,,
1075,2022-06-23T10:53:42Z,366,363.6,11.17,,,,,
1076,2022-06-23T10:53:45Z,366.2,364,11.16,,,,,
1077,2022-06-23T10:53:48Z,366.4,364.3,11.16,,,,,
1078,2022-06-23T10:53:51Z,367,364.3,11.21,,,,,
1079,2022-06-23T10:53:54Z,367.3,364.7,11.13,,,,,
1080,2022-06-23T10:53:57Z,368,365.5,11.17,,,,,
1081,2022-06-23T10:54:00Z,368.3,365.9,11.16,,,,,
1082,2022-06-23T10:54:03Z,368.9,366.2,11.17,,,,,
1083,2022-06-23T10:54:06Z,369.9,367.4,11.15,,,,,
1084,2022-06-23T10:54:09Z,370.3,368.1,11.16,,,,,
1085,2022-06-23T10:54:12Z,370.8,368.5,11.13,,,,,
1086,2022-06-23T10:54:15Z,371.9,369.6,11.17,,,,,
1087,2022-06-23T10:54:18Z,372.7,370.4,11.13,,,,,
1088,2022-06-23T10:54:21Z,373.7,371.1,11.16,,,,,
1089,2022-06-23T10:54:24Z,374.5,371.9,11.13,,,,,
1090,2022-06-23T10:54:27Z,375.3,373,11.15,,,,,
1091,2022-06-23T10:54:30Z,376.8,374.1,11.16,,,,,
1092,2022-06-23T10:54:33Z,378.1,376,11.16,,,,,
1093,2022-06-23T10:54:36Z,378.9,376.8,11.16,,,,,
1094,2022-06-23T10:54:39Z,379.9,377.9,11.15,,,,,
1095,2022-06-23T10:54:42Z,381.2,378.7,11.18,,,,,
1096,2022-06-23T10:54:45Z,382.7,380.2,11.16,,,,,
1097,2022-06-23T10:54:48Z,384.2,382.1,11.16,,,,,
1098,2022-06-23T10:54:51Z,385.2,383.2,11.16,,,,,
1099,2022-06-23T10:54:54Z,386.7,384.3,11.16,,,,,
1100,2022-06-23T10:54:57Z,389.6,387.4,11.15,,,,,
1101,2022-06-23T10:55:00Z,390.8,388.9,11.17,,,,,
1102,2022-06-23T10:55:03Z,392.4,390.4,11.15,,,,,
1103,2022-06-23T10:55:06Z,395.2,393,11.13,,,,,
1104,2022-06-23T10:55:09Z,396,394.1,11.22,,,,,
1105,2022-06-23T10:55:12Z,400,397.5,11.16,,,,,
1106,2022-06-23T10:55:15Z,402.3,400.2,11.16,,,,,
1107,2022-06-23T10:55:18Z,404.3,402.5,11.15,,,,,
1108,2022-06-23T10:55:21Z,406.7,404.7,11.16,,,,,
1109,2022-06-23T10:55:24Z,408.1,406.6,11.16,,,,,
1110,2022-06-23T10:55:27Z,410,407.7,11.18,,,,,
1111,2022-06-23T10:55:30Z,412,409.6,11.21,,,,,
1112,2022-06-23T10:55:33Z,416.2,414.2,11.15,,,,,
1113,2022-06-23T10:55:36Z,417.8,415.7,11.17,,,,,
1114,2022-06-23T10:55:39Z,423.5,421.4,11.16,,,,,
1115,2022-06-23T10:55:42Z,423.9,421.7,11.16,,,,,
1116,2022-06-23T10:55:45Z,427.6,425.5,11.17,,,,,
1117,2022-06-23T10:55:48Z,429.7,427.4,11.18,,,,,
1118,2022-06-23T10:55:51Z,431.4,429.3,11.21,,,,,
1119,2022-06-23T10:55:54Z,434.1,431.9,11.21,,,,,
1120,2022-06-23T10:55:57Z,436.3,434.2,11.23,,,,,
1121,2022-06-23T10:56:00Z,441,438.8,11.2,,,,,
1122,2022-06-23T10:56:03Z,445.9,443.7,11.18,,,,,
1123,2022-06-23T10:56:06Z,448.4,445.9,11.2,,,,,
1124,2022-06-23T10:56:09Z,451.5,449.4,11.17,,,,,
1125,2022-06-23T10:56:12Z,453.3,451.3,11.17,,,,,
1126,2022-06-23T10:56:15Z,458.7,456.6,11.17,,,,,
1127,2022-06-23T10:56:18Z,463,461.1,11.2,,,,,
1128,2022-06-23T10:56:21Z,464.5,462.2,11.21,,,,,
1129,2022-06-23T10:56:24Z,469,466.8,11.2,,,,,
1130,2022-06-23T10:56:27Z,474.1,472.1,11.18,,,,,
1131,2022-06-23T10:56:30Z,476.3,474.4,11.2,,,,,
1132,2022-06-23T10:56:33Z,480.8,478.5,11.21,,,,,
1133,2022-06-23T10:56:36Z,482.7,480.8,11.2,,,,,
1134,2022-06-23T10:56:39Z,487.3,485.4,11.17,,,,,
1135,2022-06-23T10:56:42Z,491.7,489.6,11.18,,,,,
1136,2022-06-23T10:56:45Z,494.2,492.2,11.18,,,,,
1137,2022-06-23T10:56:48Z,496,494.1,11.18,,,,,
1138,2022-06-23T10:56:51Z,501.1,499.5,11.18,,,,,
1139,2022-06-23T10:56:54Z,505.4,503.3,11.18,,,,,
1140,2022-06-23T10:56:57Z,508.1,505.9,11.2,,,,,
1141,2022-06-23T10:57:00Z,509.7,507.8,11.21,,,,,
1142,2022-06-23T10:57:03Z,513.1,511.2,11.18,,,,,
1143,2022-06-23T10:57:06Z,522.5,520.4,11.18,,,,,
1144,2022-06-23T10:57:09Z,523.2,521.1,11.18,,,,,
1145,2022-06-23T10:57:12Z,528.3,526.5,11.18,,,,,
1146,2022-06-23T10:57:15Z,530.6,529.1,11.23,,,,,
1147,2022-06-23T10:57:18Z,533.5,531.8,11.24,,,,,
1148,2022-06-23T10:57:21Z,537.4,535.2,11.24,,,,,
1149,2022-06-23T10:57:24Z,542.9,540.5,11.23,,,,,
1150,2022-06-23T10:57:27Z,546.6,544.7,11.21,,,,,
1151,2022-06-23T10:57:30Z,546.7,544.7,11.23,,,,,
1152,2022-06-23T10:57:33Z,549.7,547.8,11.23,,,,,
1153,2022-06-23T10:57:36Z,555.4,553.5,11.21,,,,,
1154,2022-06-23T10:57:39Z,559.3,556.9,11.22,,,,,
1155,2022-06-23T10:57:42Z,560.8,558.8,11.22,,,,,
1156,2022-06-23T10:57:45Z,562.8,560.7,11.22,,,,,
1157,2022-06-23T10:57:48Z,566.8,564.5,11.23,,,,,
1158,2022-06-23T10:57:51Z,571,568.4,11.21,,,,,
1159,2022-06-23T10:57:54Z,570.9,568.3,11.26,,,,,
1160,2022-06-23T10:57:57Z,572.5,570.3,11.24,,,,,
1161,2022-06-23T10:58:00Z,576.4,574.5,11.22,,,,,
1162,2022-06-23T10:58:03Z,578.4,576.4,11.26,,,,,
1163,2022-06-23T10:58:06Z,579.5,577.1,11.27,,,,,
1164,2022-06-23T10:58:09Z,582.4,579.8,11.28,,,,,
1165,2022-06-23T10:58:12Z,585.2,582.5,11.2,,,,,
1166,2022-06-23T10:58:15Z,583.2,580.9,11.23,,,,,
1167,2022-06-23T10:58:18Z,587.3,585.1,11.27,,,,,
1168,2022-06-23T10:58:21Z,590,587.8,11.24,,,,,
1169,2022-06-23T10:58:24Z,592.8,590.9,11.27,,,,,
1170,2022-06-23T10:58:27Z,593.2,590.9,11.24,,,,,
1171,2022-06-23T10:58:30Z,595,592.8,11.24,,,,,
1172,2022-06-23T10:58:33Z,595.4,593.2,11.22,,,,,
1173,2022-06-23T10:58:36Z,596.5,594.3,11.27,,,,,
1174,2022-06-23T10:58:39Z,598.5,596.2,11.24,,,,,
1175,2022-06-23T10:58:42Z,598.1,595.5,11.23,,,,,
1176,2022-06-23T10:58:45Z,599.7,597.4,11.26,,,,,
1177,2022-06-23T10:58:48Z,599.9,597.7,11.26,,,,,
1178,2022-06-23T10:58:51Z,602.3,600,11.26,,,,,
1179,2022-06-23T10:58:54Z,601.6,599.3,11.23,,,,,
1180,2022-06-23T10:58:57Z,601,598.5,11.2,,,,,
1181,2022-06-23T10:59:00Z,601.4,598.9,11.17,,,,,
1182,2022-06-23T10:59:03Z,599.7,597.4,11.17,,,,,
1183,2022-06-23T10:59:06Z,598.1,596.3,11.17,,,,,
1184,2022-06-23T10:59:09Z,600.2,597.8,11.17,,,,,
1185,2022-06-23T10:59:12Z,598.4,596.3,11.17,,,,,
1186,2022-06-23T10:59:15Z,599,597,11.18,,,,,
1187,2022-06-23T10:59:18Z,598.8,596.6,11.17,,,,,
1188,2022-06-23T10:59:21Z,599.5,597.4,11.18,,,,,
1189,2022-06-23T10:59:24Z,599.3,597,11.18,,,,,
1190,2022-06-23T10:59:27Z,597.5,595.5,11.16,,,,,
1191,2022-06-23T10:59:30Z,596.7,594.4,11.17,,,,,
1192,2022-06-23T10:59:33Z,595,592.8,11.16,,,,,
1193,2022-06-23T10:59:36Z,594.8,592.4,11.17,,,,,
1194,2022-06-23T10:59:39Z,594.2,592.1,11.17,,,,,
1195,2022-06-23T10:59:42Z,593.4,591.3,11.16,,,,,
1196,2022-06-23T10:59:45Z,592.4,590.2,11.16,,,,,
1197,2022-06-23T10:59:48Z,592,590.2,11.17,,,,,
1198,2022-06-23T10:59:51Z,591.1,588.6,11.17,,,,,
1199,2022-06-23T10:59:54Z,589.3,587.5,11.17,,,,,
1200,2022-06-23T10:59:57Z,589.2,587.1,11.17,,,,,
1201,2022-06-23T11:00:00Z,587.3,585.2,11.17,,,,,
1202,2022-06-23T11:00:03Z,587.4,585.2,11.16,,,,,
1203,2022-06-23T11:00:06Z,586.4,584,11.17,,,,,
1204,2022-06-23T11:00:09Z,585.2,582.9,11.17,,,,,
1205,2022-06-23T11:00:12Z,584,581.7,11.17,,,,,
1206,2022-06-23T11:00:15Z,583.3,581,11.17,,,,,
1207,2022-06-23T11:00:18Z,582.7,580.6,11.18,,,,,
1208,2022-06-23T11:00:21Z,581,578.7,11.18,,,,,
1209,2022-06-23T11:00:24Z,580.9,578.7,11.2,,,,,
1210,2022-06-23T11:00:27Z,578.5,576.4,11.2,,,,,
1211,2022-06-23T11:00:30Z,576.4,574.1,11.2,,,,,
1212,2022-06-23T11:00:33Z,575.5,573.3,11.2,,,,,
1213,2022-06-23T11:00:36Z,574.4,572.6,11.2,,,,,
1214,2022-06-23T11:00:39Z,573.6,571.4,11.2,,,,,
1215,2022-06-23T11:00:42Z,572.4,570.3,11.2,,,,,
1216,2022-06-23T11:00:45Z,570.4,568.4,11.18,,,,,
1217,2022-06-23T11:00:48Z,567.5,565.3,11.21,,,,,
1218,2022-06-23T11:00:51Z,567.2,564.9,11.2,,,,,
1219,2022-06-23T11:00:54Z,563.1,561.1,11.2,,,,,
1220,2022-06-23T11:00:57Z,562,560,11.2,,,,,
1221,2022-06-23T11:01:00Z,561.5,559.2,11.21,,,,,
1222,2022-06-23T11:01:03Z,559.1,556.9,11.21,,,,,
1223,2022-06-23T11:01:06Z,557.9,555.8,11.21,,,,,
1224,2022-06-23T11:01:09Z,555.7,553.9,11.21,,,,,
1225,2022-06-23T11:01:12Z,553.8,551.6,11.22,,,,,
1226,2022-06-23T11:01:15Z,550.3,548.5,11.21,,,,,
1227,2022-06-23T11:01:18Z,550.2,548.1,11.22,,,,,
1228,2022-06-23T11:01:21Z,548.4,546.2,11.22,,,,,
1229,2022-06-23T11:01:24Z,547.5,545.5,11.22,,,,,
1230,2022-06-23T11:01:27Z,546.2,544.3,11.22,,,,,
1231,2022-06-23T11:01:30Z,543.5,541.3,11.22,,,,,
1232,2022-06-23T11:01:33Z,542.7,540.5,11.23,,,,,
1233,2022-06-23T11:01:36Z,540.2,537.9,11.23,,,,,
1234,2022-06-23T11:01:39Z,539.7,537.8,11.26,,,,,
1235,2022-06-23T11:01:42Z,539.2,537.1,11.26,,,,,
1236,2022-06-23T11:01:45Z,534.3,532.1,11.24,,,,,
1237,2022-06-23T11:01:48Z,532.2,529.9,11.23,,,,,
1238,2022-06-23T11:01:51Z,532.8,531,11.26,,,,,
1239,2022-06-23T11:01:54Z,527.9,525.7,11.23,,,,,
1240,2022-06-23T11:01:57Z,527.7,525.7,11.24,,,,,
1241,2022-06-23T11:02:00Z,526.6,524.5,11.24,,,,,
1242,2022-06-23T11:02:03Z,525.6,523.4,11.27,,,,,
1243,2022-06-23T11:02:06Z,523,520.7,11.24,,,,,
1244,2022-06-23T11:02:09Z,524.9,522.6,11.26,,,,,
1245,2022-06-23T11:02:12Z,523.8,521.5,11.24,,,,,
1246,2022-06-23T11:02:15Z,518,516.1,11.24,,,,,
1247,2022-06-23T11:02:18Z,515.7,514.2,11.24,,,,,
1248,2022-06-23T11:02:21Z,512.3,510.4,11.24,,,,,
1249,2022-06-23T11:02:24Z,512,510.1,11.24,,,,,
1250,2022-06-23T11:02:27Z,512.4,510.1,11.26,,,,,
1251,2022-06-23T11:02:30Z,509.9,508.2,11.26,,,,,
1252,2022-06-23T11:02:33Z,509.1,507.4,11.28,,,,,
1253,2022-06-23T11:02:36Z,508.9,507,11.29,,,,,
1254,2022-06-23T11:02:39Z,505,503.2,11.27,,,,,
1255,2022-06-23T11:02:42Z,501.7,500.2,11.27,,,,,
1256,2022-06-23T11:02:45Z,500.7,498.6,11.27,,,,,
1257,2022-06-23T11:02:48Z,500.6,498.6,11.29,,,,,
1258,2022-06-23T11:02:51Z,502.4,500.5,11.32,,,,,
1259,2022-06-23T11:02:54Z,499.6,498.3,11.29,,,,,
1260,2022-06-23T11:02:57Z,496.4,494.1,11.27,,,,,
1261,2022-06-23T11:03:00Z,493.8,492.2,11.28,,,,,
1262,2022-06-23T11:03:03Z,492.8,491,11.29,,,,,
1263,2022-06-23T11:03:06Z,490.2,488,11.28,,,,,
1264,2022-06-23T11:03:09Z,490.6,488.7,11.32,,,,,
1265,2022-06-23T11:03:12Z,489.2,487.2,11.3,,,,,
1266,2022-06-23T11:03:15Z,487.5,486.1,11.29,,,,,
1267,2022-06-23T11:03:18Z,485.5,483.4,11.29,,,,,
1268,2022-06-23T11:03:21Z,484.5,482.3,11.3,,,,,
1269,2022-06-23T11:03:24Z,483.9,481.9,11.32,,,,,
1270,2022-06-23T11:03:27Z,479.7,477.7,11.29,,,,,
1271,2022-06-23T11:03:30Z,479.4,477.3,11.33,,,,,
1272,2022-06-23T11:03:33Z,476.8,474.7,11.32,,,,,
1273,2022-06-23T11:03:36Z,475.9,474,11.29,,,,,
1274,2022-06-23T11:03:39Z,475.3,473.6,11.33,,,,,
1275,2022-06-23T11:03:42Z,476.1,474.3,11.33,,,,,
1276,2022-06-23T11:03:45Z,476.1,474.3,11.35,,,,,
1277,2022-06-23T11:03:48Z,476.4,474.7,11.36,,,,,
1278,2022-06-23T11:03:51Z,470.8,468.6,11.32,,,,,
1279,2022-06-23T11:03:54Z,469.9,468.2,11.34,,,,,
1280,2022-06-23T11:03:57Z,468.3,466.3,11.36,,,,,
1281,2022-06-23T11:04:00Z,466.5,464.5,11.33,,,,,
1282,2022-06-23T11:04:03Z,462.7,460.7,11.3,,,,,
1283,2022-06-23T11:04:06Z,462.7,461,11.33,,,,,
1284,2022-06-23T11:04:09Z,463.2,461,11.36,,,,,
1285,2022-06-23T11:04:12Z,461.9,459.9,11.35,,,,,
1286,2022-06-23T11:04:15Z,459.9,457.6,11.33,,,,,
1287,2022-06-23T11:04:18Z,459.6,457.6,11.32,,,,,
1288,2022-06-23T11:04:21Z,457.3,455.4,11.32,,,,,
1289,2022-06-23T11:04:24Z,457.7,455.3,11.35,,,,,
1290,2022-06-23T11:04:27Z,456.7,455,11.36,,,,,
1291,2022-06-23T11:04:30Z,455.6,453.4,11.38,,,,,
1292,2022-06-23T11:04:33Z,453.6,451.6,11.34,,,,,
1293,2022-06-23T11:04:36Z,452,450,11.35,,,,,
1294,2022-06-23T11:04:39Z,449.1,447,11.34,,,,,
1295,2022-06-23T11:04:42Z,447.8,445.5,11.33,,,,,
1296,2022-06-23T11:04:45Z,449.8,447.8,11.35,,,,,
1297,2022-06-23T11:04:48Z,447.6,445.1,11.34,,,,,
1298,2022-06-23T11:04:51Z,447.5,445.1,11.38,,,,,
1299,2022-06-23T11:04:54Z,446.9,445.1,11.39,,,,,
1300,2022-06-23T11:04:57Z,446.6,444.7,11.4,,,,,
1301,2022-06-23T11:05:00Z,445.9,444,11.4,,,,,
1302,2022-06-23T11:05:03Z,442.5,440.6,11.36,,,,,
1303,2022-06-23T11:05:06Z,442.2,440.2,11.35,,,,,
1304,2022-06-23T11:05:09Z,440.4,438.3,11.36,,,,,
1305,2022-06-23T11:05:12Z,438.2,436,11.33,,,,,
1306,2022-06-23T11:05:15Z,437.5,435.3,11.32,,,,,
1307,2022-06-23T11:05:18Z,437.9,435.6,11.35,,,,,
1308,2022-06-23T11:05:21Z,437.5,435.7,11.34,,,,,
1309,2022-06-23T11:05:24Z,436.7,434.1,11.36,,,,,
1310,2022-06-23T11:05:27Z,434.3,431.9,11.32,,,,,
1311,2022-06-23T11:05:30Z,433.6,431.1,11.33,,,,,
1312,2022-06-23T11:05:33Z,432.2,429.6,11.32,,,,,
1313,2022-06-23T11:05:36Z,432.4,430.4,11.34,,,,,
1314,2022-06-23T11:05:39Z,431.6,429.2,11.33,,,,,
1315,2022-06-23T11:05:42Z,431.7,429.6,11.35,,,,,
1316,2022-06-23T11:05:45Z,430,428.1,11.33,,,,,
1317,2022-06-23T11:05:48Z,431.5,429.6,11.38,,,,,
1318,2022-06-23T11:05:51Z,428.4,426.2,11.33,,,,,
1319,2022-06-23T11:05:54Z,428,425.8,11.34,,,,,
1320,2022-06-23T11:05:57Z,425.2,423.2,11.3,,,,,
1321,2022-06-23T11:06:00Z,425.1,422.8,11.33,,,,,
1322,2022-06-23T11:06:03Z,424.8,422,11.33,,,,,
1323,2022-06-23T11:06:06Z,424.5,422,11.35,,,,,
1324,2022-06-23T11:06:09Z,423.6,421.7,11.33,,,,,
1325,2022-06-23T11:06:12Z,423.8,421.6,11.38,,,,,
1326,2022-06-23T11:06:15Z,422.9,420.9,11.36,,,,,
1327,2022-06-23T11:06:18Z,423.4,421.3,11.36,,,,,
1328,2022-06-23T11:06:21Z,421.6,419.4,11.34,,,,,
1329,2022-06-23T11:06:24Z,421.4,419.4,11.38,,,,,
1330,2022-06-23T11:06:27Z,418.1,416,11.33,,,,,
1331,2022-06-23T11:06:30Z,418.3,416.4,11.35,,,,,
1332,2022-06-23T11:06:33Z,418,416,11.36,,,,,
1333,2022-06-23T11:06:36Z,416.2,414.1,11.34,,,,,
1334,2022-06-23T11:06:39Z,417.2,415.2,11.39,,,,,
1335,2022-06-23T11:06:42Z,418.2,416.3,11.38,,,,,
1336,2022-06-23T11:06:45Z,414.4,412.6,11.33,,,,,
1337,2022-06-23T11:06:48Z,414,411.8,11.34,,,,,
1338,2022-06-23T11:06:51Z,413.7,411.8,11.34,,,,,
1339,2022-06-23T11:06:54Z,412.4,410.7,11.33,,,,,
1340,2022-06-23T11:06:57Z,413.5,411.4,11.39,,,,,
1341,2022-06-23T11:07:00Z,413.4,411.4,11.4,,,,,
1342,2022-06-23T11:07:03Z,412.3,409.9,11.4,,,,,
1343,2022-06-23T11:07:06Z,411.2,409.2,11.36,,,,,
1344,2022-06-23T11:07:09Z,409.7,407.7,11.35,,,,,
1345,2022-06-23T11:07:12Z,409.7,408,11.38,,,,,
1346,2022-06-23T11:07:15Z,409.9,408,11.41,,,,,
1347,2022-06-23T11:07:18Z,409.6,407.6,11.41,,,,,
1348,2022-06-23T11:07:21Z,407.9,406.1,11.38,,,,,
1349,2022-06-23T11:07:24Z,408.2,406.5,11.4,,,,,
1350,2022-06-23T11:07:27Z,408.3,406.1,11.43,,,,,
1351,2022-06-23T11:07:30Z,407.3,405.4,11.39,,,,,
1352,2022-06-23T11:07:33Z,406.5,404.6,11.39,,,,,
1353,2022-06-23T11:07:36Z,405.6,403.1,11.36,,,,,
1354,2022-06-23T11:07:39Z,405.3,403.1,11.39,,,,,
1355,2022-06-23T11:07:42Z,404.2,402.4,11.36,,,,,
1356,2022-06-23T11:07:45Z,405.4,403.1,11.43,,,,,
1357,2022-06-23T11:07:48Z,402.9,400.9,11.38,,,,,
1358,2022-06-23T11:07:51Z,402.7,400.5,11.39,,,,,
1359,2022-06-23T11:07:54Z,402.7,400.5,11.43,,,,,
1360,2022-06-23T11:07:57Z,402.8,400.5,11.41,,,,,
1361,2022-06-23T11:08:00Z,402.3,400.1,11.4,,,,,
1362,2022-06-23T11:08:03Z,402.2,399.7,11.41,,,,,
1363,2022-06-23T11:08:06Z,401.1,399,11.41,,,,,
1364,2022-06-23T11:08:09Z,400.9,399,11.41,,,,,
1365,2022-06-23T11:08:12Z,401.3,399.3,11.45,,,,,
1366,2022-06-23T11:08:15Z,400.6,398.6,11.43,,,,,
1367,2022-06-23T11:08:18Z,401.3,399.3,11.46,,,,,
1368,2022-06-23T11:08:21Z,400,397.8,11.43,,,,,
1369,2022-06-23T11:08:24Z,398.7,396.7,11.43,,,,,
1370,2022-06-23T11:08:27Z,398.9,396.7,11.43,,,,,
1371,2022-06-23T11:08:30Z,398.6,396.3,11.44,,,,,
1372,2022-06-23T11:08:33Z,397.6,395.6,11.39,,,,,
1373,2022-06-23T11:08:36Z,397.9,395.9,11.43,,,,,
1374,2022-06-23T11:08:39Z,396.4,394.4,11.4,,,,,
1375,2022-06-23T11:08:42Z,397.5,395.2,11.44,,,,,
1376,2022-06-23T11:08:45Z,396.7,394.4,11.39,,,,,
1377,2022-06-23T11:08:48Z,395.5,393.7,11.38,,,,,
1378,2022-06-23T11:08:51Z,395.6,393.7,11.4,,,,,
1379,2022-06-23T11:08:54Z,395.4,393.7,11.4,,,,,
1380,2022-06-23T11:08:57Z,394.2,392.2,11.36,,,,,
1381,2022-06-23T11:09:00Z,394.9,392.5,11.41,,,,,
1382,2022-06-23T11:09:03Z,394.2,392.2,11.38,,,,,
1383,2022-06-23T11:09:06Z,394.5,392.5,11.43,,,,,
1384,2022-06-23T11:09:09Z,393.9,391.8,11.4,,,,,
1385,2022-06-23T11:09:12Z,393.3,391.4,11.4,,,,,
1386,2022-06-23T11:09:15Z,392.8,390.7,11.36,,,,,
1387,2022-06-23T11:09:18Z,393,391,11.4,,,,,
1388,2022-06-23T11:09:21Z,392.3,390.3,11.41,,,,,
1389,2022-06-23T11:09:24Z,392.9,390.6,11.45,,,,,
1390,2022-06-23T11:09:27Z,392.6,390.6,11.45,,,,,
1391,2022-06-23T11:09:30Z,392.5,390.6,11.46,,,,,
1392,2022-06-23T11:09:33Z,392.4,390.6,11.43,,,,,
1393,2022-06-23T11:09:36Z,392.6,390.6,11.47,,,,,
1394,2022-06-23T11:09:39Z,391.1,389.1,11.41,,,,,
1395,2022-06-23T11:09:42Z,391.5,389.5,11.45,,,,,
1396,2022-06-23T11:09:45Z,390.9,388.7,11.46,,,,,
1397,2022-06-23T11:09:48Z,391.3,389.1,11.5,,,,,
1398,2022-06-23T11:09:51Z,389.6,387.2,11.43,,,,,
1399,2022-06-23T11:09:54Z,389.6,387.2,11.43,,,,,
1400,2022-06-23T11:09:57Z,390,387.6,11.47,,,,,
1401,2022-06-23T11:10:00Z,389.6,387.2,11.46,,,,,
1402,2022-06-23T11:10:03Z,388.4,386.1,11.43,,,,,
1403,2022-06-23T11:10:06Z,387.7,385.4,11.43,,,,,
1404,2022-06-23T11:10:09Z,388.5,386.1,11.45,,,,,
1405,2022-06-23T11:10:12Z,388.7,386.5,11.43,,,,,
1406,2022-06-23T11:10:15Z,387.8,385.4,11.41,,,,,
1407,2022-06-23T11:10:18Z,386.7,384.6,11.4,,,,,
1408,2022-06-23T11:10:21Z,387.9,385.3,11.47,,,,,
1409,2022-06-23T11:10:24Z,386.3,384.2,11.39,,,,,
1410,2022-06-23T11:10:27Z,386.9,384.6,11.41,,,,,
1411,2022-06-23T11:10:30Z,387.1,385.3,11.47,,,,,
1412,2022-06-23T11:10:33Z,386.3,384.2,11.43,,,,,
1413,2022-06-23T11:10:36Z,386.9,385,11.46,,,,,
1414,2022-06-23T11:10:39Z,386.4,384.2,11.47,,,,,
1415,2022-06-23T11:10:42Z,385.7,383.5,11.41,,,,,
1416,2022-06-23T11:10:45Z,385.4,383.5,11.43,,,,,
1417,2022-06-23T11:10:48Z,384.8,382.3,11.41,,,,,
1418,2022-06-23T11:10:51Z,384.3,382,11.4,,,,,
1419,2022-06-23T11:10:54Z,384,381.6,11.39,,,,,
1420,2022-06-23T11:10:57Z,383.8,381.6,11.38,,,,,
1421,2022-06-23T11:11:00Z,384.3,382,11.4,,,,,
1422,2022-06-23T11:11:03Z,384.5,382,11.44,,,,,
1423,2022-06-23T11:11:06Z,383.2,380.5,11.36,,,,,
1424,2022-06-23T11:11:09Z,383.4,381.2,11.36,,,,,
1425,2022-06-23T11:11:12Z,383.3,381.2,11.39,,,,,
1426,2022-06-23T11:11:15Z,383.3,381.2,11.4,,,,,
1427,2022-06-23T11:11:18Z,383.7,381.6,11.44,,,,,
1428,2022-06-23T11:11:21Z,383.4,381.2,11.43,,,,,
1429,2022-06-23T11:11:24Z,383.8,381.6,11.45,,,,,
1430,2022-06-23T11:11:27Z,384,381.6,11.44,,,,,
1431,2022-06-23T11:11:30Z,382.1,380.1,11.38,,,,,
1432,2022-06-23T11:11:33Z,382.5,380.1,11.39,,,,,
1433,2022-06-23T11:11:36Z,381.9,379.3,11.39,,,,,
1434,2022-06-23T11:11:39Z,382,379.7,11.41,,,,,
1435,2022-06-23T11:11:42Z,382.2,380.1,11.44,,,,,
1436,2022-06-23T11:11:45Z,381.9,379.3,11.41,,,,,
1437,2022-06-23T11:11:48Z,382,379.7,11.4,,,,,
1438,2022-06-23T11:11:51Z,382.2,380.1,11.44,,,,,
1439,2022-06-23T11:11:54Z,382.6,380.1,11.47,,,,,
1440,2022-06-23T11:11:57Z,381.1,379,11.39,,,,,
1441,2022-06-23T11:12:00Z,381.7,379.3,11.44,,,,,
1442,2022-06-23T11:12:03Z,380.9,379,11.41,,,,,
1443,2022-06-23T11:12:06Z,380.8,378.6,11.41,,,,,
1444,2022-06-23T11:12:09Z,380.7,378.6,11.41,,,,,
1445,2022-06-23T11:12:12Z,380.3,378.2,11.4,,,,,
1446,2022-06-23T11:12:15Z,380.4,378.2,11.41,,,,,
1447,2022-06-23T11:12:18Z,380.2,378.2,11.41,,,,,
1448,2022-06-23T11:12:21Z,380.6,378.2,11.45,,,,,
1449,2022-06-23T11:12:24Z,380.5,378.2,11.45,,,,,
1450,2022-06-23T11:12:27Z,380.1,378.2,11.45,,,,,
1451,2022-06-23T11:12:30Z,379.7,377.4,11.4,,,,,
1452,2022-06-23T11:12:33Z,379.4,377.1,11.39,,,,,
1453,2022-06-23T11:12:36Z,380.2,378.2,11.45,,,,,
1454,2022-06-23T11:12:39Z,379.3,377.1,11.39,,,,,
1455,2022-06-23T11:12:42Z,379.7,377.8,11.44,,,,,
1456,2022-06-23T11:12:45Z,379.5,377.1,11.44,,,,,
1457,2022-06-23T11:12:48Z,378.9,376.7,11.41,,,,,
1458,2022-06-23T11:12:51Z,379.9,377.8,11.44,,,,,
1459,2022-06-23T11:12:54Z,379,377.1,11.41,,,,,
1460,2022-06-23T11:12:57Z,378.7,376.3,11.4,,,,,
1461,2022-06-23T11:13:00Z,378.4,376.3,11.39,,,,,
1462,2022-06-23T11:13:03Z,378.2,376.3,11.41,,,,,
1463,2022-06-23T11:13:06Z,378.4,376.3,11.43,,,,,
1464,2022-06-23T11:13:09Z,377.7,375.2,11.4,,,,,
1465,2022-06-23T11:13:12Z,378.5,376.3,11.45,,,,,
1466,2022-06-23T11:13:15Z,377.9,375.9,11.41,,,,,
1467,2022-06-23T11:13:18Z,378.3,375.9,11.46,,,,,
1468,2022-06-23T11:13:21Z,378.5,376.7,11.45,,,,,
1469,2022-06-23T11:13:24Z,377.9,375.9,11.43,,,,,
1470,2022-06-23T11:13:27Z,377.8,375.6,11.43,,,,,
1471,2022-06-23T11:13:30Z,377.2,374.8,11.41,,,,,
1472,2022-06-23T11:13:33Z,377.3,374.8,11.43,,,,,
1473,2022-06-23T11:13:36Z,377.7,375.2,11.44,,,,,
1474,2022-06-23T11:13:39Z,377.6,375.5,11.44,,,,,
1475,2022-06-23T11:13:42Z,376.9,374.8,11.4,,,,,
1476,2022-06-23T11:13:45Z,376.9,374.4,11.43,,,,,
1477,2022-06-23T11:13:48Z,377,374.8,11.46,,,,,
1478,2022-06-23T11:13:51Z,377,374.8,11.45,,,,,
1479,2022-06-23T11:13:54Z,377.2,374.8,11.45,,,,,
1480,2022-06-23T11:13:57Z,377,374.8,11.46,,,,,
1481,2022-06-23T11:14:00Z,377.2,374.8,11.47,,,,,
1482,2022-06-23T11:14:03Z,376.5,374,11.41,,,,,
1483,2022-06-23T11:14:06Z,376.7,374.4,11.45,,,,,
1484,2022-06-23T11:14:09Z,376.1,374,11.44,,,,,
1485,2022-06-23T11:14:12Z,376.4,374,11.43,,,,,
1486,2022-06-23T11:14:15Z,376.3,374,11.43,,,,,
1487,2022-06-23T11:14:18Z,375.9,373.7,11.41,,,,,
1488,2022-06-23T11:14:21Z,376.2,373.7,11.41,,,,,
1489,2022-06-23T11:14:24Z,376.4,374,11.46,,,,,
1490,2022-06-23T11:14:27Z,375.9,373.7,11.43,,,,,
1491,2022-06-23T11:14:30Z,375.6,373.3,11.4,,,,,
1492,2022-06-23T11:14:33Z,375.3,372.9,11.39,,,,,
1493,2022-06-23T11:14:36Z,375.9,373.7,11.45,,,,,
1494,2022-06-23T11:14:39Z,375.5,373.3,11.41,,,,,
1495,2022-06-23T11:14:42Z,375.1,372.9,11.43,,,,,
1496,2022-06-23T11:14:45Z,375.6,373.3,11.44,,,,,
1497,2022-06-23T11:14:48Z,375.8,373.6,11.49,,,,,
1498,2022-06-23T11:14:51Z,376,374,11.51,,,,,
1499,2022-06-23T11:14:54Z,375.8,373.6,11.49,,,,,
1500,2022-06-23T11:14:57Z,375.8,373.6,11.47,,,,,
1501,2022-06-23T11:15:00Z,375.2,372.9,11.45,,,,,
1502,2022-06-23T11:15:03Z,374.9,372.5,11.43,,,,,
1503,2022-06-23T11:15:06Z,375,372.9,11.45,,,,,
1504,2022-06-23T11:15:09Z,375.4,372.9,11.47,,,,,
1505,2022-06-23T11:15:12Z,375.5,373.3,11.49,,,,,
1506,2022-06-23T11:15:15Z,374.7,372.5,11.46,,,,,
1507,2022-06-23T11:15:18Z,374.6,372.5,11.43,,,,,
1508,2022-06-23T11:15:21Z,374.9,372.5,11.45,,,,,
1509,2022-06-23T11:15:24Z,375,372.9,11.45,,,,,
1510,2022-06-23T11:15:27Z,374.9,372.9,11.46,,,,,
1511,2022-06-23T11:15:30Z,374.6,372.5,11.46,,,,,
1512,2022-06-23T11:15:33Z,374.6,372.5,11.47,,,,,
1513,2022-06-23T11:15:36Z,374.9,372.9,11.47,,,,,
1514,2022-06-23T11:15:39Z,374.9,372.9,11.5,,,,,
1515,2022-06-23T11:15:42Z,375.3,372.9,11.55,,,,,
1516,2022-06-23T11:15:45Z,374.7,372.9,11.49,,,,,
1517,2022-06-23T11:15:48Z,374.2,371.8,11.46,,,,,
1518,2022-06-23T11:15:51Z,374.3,371.8,11.47,,,,,
1519,2022-06-23T11:15:54Z,374.2,371.8,11.46,,,,,
1520,2022-06-23T11:15:57Z,374.3,371.8,11.47,,,,,
1521,2022-06-23T11:16:00Z,374.4,371.8,11.47,,,,,
1522,2022-06-23T11:16:03Z,374.2,372.1,11.47,,,,,
1523,2022-06-23T11:16:06Z,373.8,371.4,11.46,,,,,
1524,2022-06-23T11:16:09Z,373.8,371.4,11.45,,,,,
1525,2022-06-23T11:16:12Z,373.8,371.4,11.44,,,,,
1526,2022-06-23T11:16:15Z,374,371.8,11.47,,,,,
1527,2022-06-23T11:16:18Z,374.3,372.1,11.49,,,,,
1528,2022-06-23T11:16:21Z,373.5,371,11.46,,,,,
1529,2022-06-23T11:16:24Z,373.3,371,11.41,,,,,
1530,2022-06-23T11:16:27Z,373.7,371.4,11.45,,,,,
1531,2022-06-23T11:16:30Z,373,370.7,11.41,,,,,
1532,2022-06-23T11:16:33Z,373.6,371.4,11.46,,,,,
1533,2022-06-23T11:16:36Z,373.1,371,11.43,,,,,
1534,2022-06-23T11:16:39Z,373.6,371.4,11.46,,,,,
1535,2022-06-23T11:16:42Z,373.3,371,11.44,,,,,
1536,2022-06-23T11:16:45Z,373.5,371.4,11.49,,,,,
1537,2022-06-23T11:16:48Z,373.8,371.4,11.5,,,,,
1538,2022-06-23T11:16:51Z,373.7,371.4,11.47,,,,,
1539,2022-06-23T11:16:54Z,374.2,371.7,11.53,,,,,
1540,2022-06-23T11:16:57Z,372.9,370.6,11.47,,,,,
1541,2022-06-23T11:17:00Z,373.8,371.8,11.5,,,,,
1542,2022-06-23T11:17:03Z,373.2,371,11.47,,,,,
1543,2022-06-23T11:17:06Z,372.9,370.6,11.45,,,,,
1544,2022-06-23T11:17:09Z,373.3,371,11.5,,,,,
1545,2022-06-23T11:17:12Z,373.1,371,11.46,,,,,
1546,2022-06-23T11:17:15Z,372.7,370.7,11.43,,,,,
1547,2022-06-23T11:17:18Z,373.1,370.6,11.46,,,,,
1548,2022-06-23T11:17:21Z,372.9,370.6,11.45,,,,,
1549,2022-06-23T11:17:24Z,373.2,371,11.49,,,,,
1550,2022-06-23T11:17:27Z,372.5,370.7,11.43,,,,,
1551,2022-06-23T11:17:30Z,372.4,370.3,11.45,,,,,
1552,2022-06-23T11:17:33Z,372.6,370.3,11.44,,,,,
1553,2022-06-23T11:17:36Z,372.6,370.3,11.45,,,,,
1554,2022-06-23T11:17:39Z,372.4,370.3,11.45,,,,,
1555,2022-06-23T11:17:42Z,372.6,370.6,11.46,,,,,
1556,2022-06-23T11:17:45Z,372.4,370.3,11.45,,,,,
1557,2022-06-23T11:17:48Z,372.5,370.3,11.46,,,,,
1558,2022-06-23T11:17:51Z,372.2,369.9,11.45,,,,,
1559,2022-06-23T11:17:54Z,372.3,370.3,11.46,,,,,
1560,2022-06-23T11:17:57Z,371.7,369.5,11.43,,,,,
1561,2022-06-23T11:18:00Z,372.4,370.3,11.47,,,,,
1562,2022-06-23T11:18:03Z,372.6,370.6,11.51,,,,,
1563,2022-06-23T11:18:06Z,372.6,370.6,11.5,,,,,
1564,2022-06-23T11:18:09Z,372.5,370.3,11.46,,,,,
1565,2022-06-23T11:18:12Z,372.9,370.6,11.51,,,,,
1566,2022-06-23T11:18:15Z,371.9,369.5,11.45,,,,,
1567,2022-06-23T11:18:18Z,372.3,370.2,11.5,,,,,
1568,2022-06-23T11:18:21Z,371.7,369.5,11.44,,,,,
1569,2022-06-23T11:18:24Z,372.5,370.2,11.5,,,,,
1570,2022-06-23T11:18:27Z,372.3,370.3,11.49,,,,,
1571,2022-06-23T11:18:30Z,371.9,369.9,11.47,,,,,
1572,2022-06-23T11:18:33Z,371.8,369.5,11.46,,,,,
1573,2022-06-23T11:18:36Z,371.8,369.5,11.46,,,,,
1574,2022-06-23T11:18:39Z,371.7,369.5,11.46,,,,,
1575,2022-06-23T11:18:42Z,371.7,369.5,11.46,,,,,
1576,2022-06-23T11:18:45Z,371.9,369.5,11.47,,,,,
1577,2022-06-23T11:18:48Z,372,369.5,11.5,,,,,
1578,2022-06-23T11:18:51Z,372.2,369.5,11.52,,,,,
1579,2022-06-23T11:18:54Z,371.2,369.1,11.47,,,,,
1580,2022-06-23T11:18:57Z,371.2,368.8,11.45,,,,,
1581,2022-06-23T11:19:00Z,371.9,369.5,11.5,,,,,
1582,2022-06-23T11:19:03Z,371.6,369.5,11.5,,,,,
1583,2022-06-23T11:19:06Z,371.5,369.5,11.5,,,,,
1584,2022-06-23T11:19:09Z,372.3,370.2,11.52,,,,,
1585,2022-06-23T11:19:12Z,371.9,369.5,11.51,,,,,
1586,2022-06-23T11:19:15Z,371.9,369.5,11.53,,,,,
1587,2022-06-23T11:19:18Z,372.3,370.2,11.57,,,,,
1588,2022-06-23T11:19:21Z,372.2,370.2,11.55,,,,,
1589,2022-06-23T11:19:24Z,371.7,369.5,11.52,,,,,
1590,2022-06-23T11:19:27Z,371,368.7,11.47,,,,,
1591,2022-06-23T11:19:30Z,371.8,369.5,11.53,,,,,
1592,2022-06-23T11:19:33Z,371.4,369.5,11.49,,,,,
1593,2022-06-23T11:19:36Z,371,368.4,11.47,,,,,
1594,2022-06-23T11:19:39Z,371.7,369.5,11.51,,,,,
1595,2022-06-23T11:19:42Z,371.9,369.5,11.53,,,,,
1596,2022-06-23T11:19:45Z,371,368.4,11.49,,,,,
1597,2022-06-23T11:19:48Z,371.1,368.7,11.52,,,,,
1598,2022-06-23T11:19:51Z,370.8,368.7,11.49,,,,,
1599,2022-06-23T11:19:54Z,371.3,369.5,11.51,,,,,
1600,2022-06-23T11:19:57Z,370.5,368.4,11.47,,,,,
1601,2022-06-23T11:20:00Z,371.4,369.5,11.51,,,,,
1602,2022-06-23T11:20:03Z,371.4,369.5,11.56,,,,,
1603,2022-06-23T11:20:06Z,371.9,369.5,11.55,,,,,
1604,2022-06-23T11:20:09Z,371.1,368.7,11.55,,,,,
1605,2022-06-23T11:20:12Z,371.8,369.5,11.58,,,,,
1606,2022-06-23T11:20:15Z,372.3,370.2,11.61,,,,,
1607,2022-06-23T11:20:18Z,370.7,368.4,11.5,,,,,
1608,2022-06-23T11:20:21Z,371.4,368.7,11.55,,,,,
1609,2022-06-23T11:20:24Z,371.8,369.5,11.56,,,,,
1610,2022-06-23T11:20:27Z,371.6,369.5,11.57,,,,,
1611,2022-06-23T11:20:30Z,370.8,368.4,11.51,,,,,
1612,2022-06-23T11:20:33Z,371,368.7,11.55,,,,,
1613,2022-06-23T11:20:36Z,371.1,368.7,11.52,,,,,
1614,2022-06-23T11:20:39Z,371.3,369.1,11.56,,,,,
1615,2022-06-23T11:20:42Z,371.4,369.5,11.56,,,,,
1616,2022-06-23T11:20:45Z,371.8,369.5,11.57,,,,,
1617,2022-06-23T11:20:48Z,371.2,369.1,11.56,,,,,
1618,2022-06-23T11:20:51Z,371.7,369.5,11.6,,,,,
1619,2022-06-23T11:20:54Z,371.6,369.1,11.58,,,,,
1620,2022-06-23T11:20:57Z,372.1,369.4,11.66,,,,,
1621,2022-06-23T11:21:00Z,371.4,369.5,11.57,,,,,
1622,2022-06-23T11:21:03Z,370.7,368.3,11.53,,,,,
1623,2022-06-23T11:21:06Z,371.5,369.5,11.58,,,,,
1624,2022-06-23T11:21:09Z,370.8,368.3,11.53,,,,,
1625,2022-06-23T11:21:12Z,370.9,368.7,11.53,,,,,
1626,2022-06-23T11:21:15Z,371,368.7,11.56,,,,,
1627,2022-06-23T11:21:18Z,371.5,369.4,11.61,,,,,
1628,2022-06-23T11:21:21Z,370.7,368.3,11.57,,,,,
1629,2022-06-23T11:21:24Z,371.7,369.4,11.61,,,,,
1630,2022-06-23T11:21:27Z,371.1,368.7,11.58,,,,,
1631,2022-06-23T11:21:30Z,371.3,369.1,11.57,,,,,
1632,2022-06-23T11:21:33Z,370.8,368.4,11.51,,,,,
1633,2022-06-23T11:21:36Z,370.1,368,11.46,,,,,
1634,2022-06-23T11:21:39Z,371.3,368.7,11.57,,,,,
1635,2022-06-23T11:21:42Z,371.5,369.4,11.62,,,,,
1636,2022-06-23T11:21:45Z,371.8,369.4,11.61,,,,,
1637,2022-06-23T11:21:48Z,371.5,369.4,11.62,,,,,
1638,2022-06-23T11:21:51Z,371.1,369.1,11.61,,,,,
1639,2022-06-23T11:21:54Z,371,368.7,11.56,,,,,
1640,2022-06-23T11:21:57Z,371.1,368.7,11.6,,,,,
1641,2022-06-23T11:22:00Z,371.7,369.4,11.64,,,,,
1642,2022-06-23T11:22:03Z,370.2,368,11.56,,,,,
1643,2022-06-23T11:22:06Z,371.3,368.7,11.6,,,,,
1644,2022-06-23T11:22:09Z,370.4,368.3,11.53,,,,,
1645,2022-06-23T11:22:12Z,371.2,368.7,11.61,,,,,
1646,2022-06-23T11:22:15Z,371.4,369.4,11.61,,,,,
1647,2022-06-23T11:22:18Z,371.1,369.1,11.61,,,,,
1648,2022-06-23T11:22:21Z,370.5,368.4,11.52,,,,,
1649,2022-06-23T11:22:24Z,370.5,368.3,11.57,,,,,
1650,2022-06-23T11:22:27Z,370.3,368,11.5,,,,,
1651,2022-06-23T11:22:30Z,370.6,368.3,11.56,,,,,
1652,2022-06-23T11:22:33Z,371,368.7,11.57,,,,,
1653,2022-06-23T11:22:36Z,370.8,368.7,11.57,,,,,
1654,2022-06-23T11:22:39Z,370,367.6,11.5,,,,,
1655,2022-06-23T11:22:42Z,370.5,368.3,11.53,,,,,
1656,2022-06-23T11:22:45Z,370.3,368,11.57,,,,,
1657,2022-06-23T11:22:48Z,370.2,368,11.51,,,,,
1658,2022-06-23T11:22:51Z,370.2,368,11.52,,,,,
1659,2022-06-23T11:22:54Z,369.9,367.6,11.47,,,,,
1660,2022-06-23T11:22:57Z,370.4,368,11.53,,,,,
1661,2022-06-23T11:23:00Z,370,367.6,11.5,,,,,
1662,2022-06-23T11:23:03Z,370,368,11.5,,,,,
1663,2022-06-23T11:23:06Z,371.2,369.1,11.61,,,,,
1664,2022-06-23T11:23:09Z,371.1,368.7,11.62,,,,,
1665,2022-06-23T11:23:12Z,371.7,369.4,11.68,,,,,
1666,2022-06-23T11:23:15Z,370.7,368.3,11.61,,,,,
1667,2022-06-23T11:23:18Z,370.2,368,11.53,,,,,
1668,2022-06-23T11:23:21Z,370.2,368,11.55,,,,,
1669,2022-06-23T11:23:24Z,369.8,367.2,11.52,,,,,
1670,2022-06-23T11:23:27Z,370.2,368,11.55,,,,,
1671,2022-06-23T11:23:30Z,371.1,368.7,11.61,,,,,
1672,2022-06-23T11:23:33Z,370.2,368,11.56,,,,,
1673,2022-06-23T11:23:36Z,370,367.6,11.49,,,,,
1674,2022-06-23T11:23:39Z,370.7,368.3,11.57,,,,,
1675,2022-06-23T11:23:42Z,371.1,368.7,11.67,,,,,
1676,2022-06-23T11:23:45Z,371.8,369.8,11.7,,,,,
1677,2022-06-23T11:23:48Z,371,368.7,11.63,,,,,
1678,2022-06-23T11:23:51Z,370.8,368.7,11.63,,,,,
1679,2022-06-23T11:23:54Z,371.2,369,11.67,,,,,
1680,2022-06-23T11:23:57Z,371.2,369.4,11.68,,,,,
1681,2022-06-23T11:24:00Z,370.7,368.3,11.63,,,,,
1682,2022-06-23T11:24:03Z,371.5,369.4,11.67,,,,,
1683,2022-06-23T11:24:06Z,369.9,367.6,11.57,,,,,
1684,2022-06-23T11:24:09Z,370.1,367.9,11.6,,,,,
1685,2022-06-23T11:24:12Z,369.8,367.6,11.56,,,,,
1686,2022-06-23T11:24:15Z,370.4,367.9,11.6,,,,,
1687,2022-06-23T11:24:18Z,371,368.7,11.62,,,,,
1688,2022-06-23T11:24:21Z,371,368.7,11.63,,,,,
1689,2022-06-23T11:24:24Z,371,368.7,11.66,,,,,
1690,2022-06-23T11:24:27Z,371.7,369.4,11.72,,,,,
1691,2022-06-23T11:24:30Z,370.3,367.9,11.61,,,,,
1692,2022-06-23T11:24:33Z,370.3,368.3,11.6,,,,,
1693,2022-06-23T11:24:36Z,369.7,367.6,11.6,,,,,
1694,2022-06-23T11:24:39Z,370.7,368.3,11.61,,,,,
1695,2022-06-23T11:24:42Z,370.4,368.3,11.58,,,,,
1696,2022-06-23T11:24:45Z,369,366.5,11.46,,,,,
1697,2022-06-23T11:24:48Z,369.2,366.9,11.45,,,,,
1698,2022-06-23T11:24:51Z,369.2,367.2,11.45,,,,,
1699,2022-06-23T11:24:54Z,369.3,366.9,11.45,,,,,
1700,2022-06-23T11:24:57Z,369.1,366.9,11.46,,,,,
1701,2022-06-23T11:25:00Z,369.9,367.6,11.56,,,,,
1702,2022-06-23T11:25:03Z,370,368,11.55,,,,,
1703,2022-06-23T11:25:06Z,369.6,367.2,11.53,,,,,
1704,2022-06-23T11:25:09Z,370.2,368,11.56,,,,,
1705,2022-06-23T11:25:12Z,370.6,368.3,11.62,,,,,
1706,2022-06-23T11:25:15Z,370,367.2,11.58,,,,,
1707,2022-06-23T11:25:18Z,370.2,368,11.58,,,,,
1708,2022-06-23T11:25:21Z,369.5,367.2,11.53,,,,,
1709,2022-06-23T11:25:24Z,369.1,367.2,11.52,,,,,
1710,2022-06-23T11:25:27Z,369.4,367.2,11.5,,,,,
1711,2022-06-23T11:25:30Z,368.9,366.5,11.45,,,,,
1712,2022-06-23T11:25:33Z,369.1,366.9,11.49,,,,,
1713,2022-06-23T11:25:36Z,368.9,366.5,11.44,,,,,
1714,2022-06-23T11:25:39Z,369.1,366.5,11.46,,,,,
1715,2022-06-23T11:25:42Z,369.2,366.9,11.49,,,,,
1716,2022-06-23T11:25:45Z,369.4,367.2,11.49,,,,,
1717,2022-06-23T11:25:48Z,368.9,366.9,11.46,,,,,
1718,2022-06-23T11:25:51Z,369.1,366.9,11.49,,,,,
1719,2022-06-23T11:25:54Z,369.1,366.9,11.47,,,,,
1720,2022-06-23T11:25:57Z,369.5,367.2,11.47,,,,,
1721,2022-06-23T11:26:00Z,369.1,366.9,11.45,,,,,
1722,2022-06-23T11:26:03Z,369,366.5,11.45,,,,,
1723,2022-06-23T11:26:06Z,369.1,366.9,11.47,,,,,
1724,2022-06-23T11:26:09Z,369,366.9,11.46,,,,,
1725,2022-06-23T11:26:12Z,370.1,368,11.57,,,,,
1726,2022-06-23T11:26:15Z,370,367.9,11.6,,,,,
1727,2022-06-23T11:26:18Z,370.5,368.3,11.63,,,,,
1728,2022-06-23T11:26:21Z,370,368,11.58,,,,,
1729,2022-06-23T11:26:24Z,369.9,367.9,11.63,,,,,
1730,2022-06-23T11:26:27Z,369.1,366.8,11.53,,,,,
1731,2022-06-23T11:26:30Z,370.3,367.9,11.62,,,,,
1732,2022-06-23T11:26:33Z,369.8,367.6,11.61,,,,,
1733,2022-06-23T11:26:36Z,369.5,367.2,11.57,,,,,
1734,2022-06-23T11:26:39Z,370.4,368.3,11.64,,,,,
1735,2022-06-23T11:26:42Z,369.9,367.2,11.64,,,,,
1736,2022-06-23T11:26:45Z,369.7,367.2,11.6,,,,,
1737,2022-06-23T11:26:48Z,370.4,368.3,11.62,,,,,
1738,2022-06-23T11:26:51Z,369,366.8,11.57,,,,,
1739,2022-06-23T11:26:54Z,369.8,367.6,11.57,,,,,
1740,2022-06-23T11:26:57Z,370.1,367.9,11.62,,,,,
1741,2022-06-23T11:27:00Z,369.5,367.2,11.57,,,,,
1742,2022-06-23T11:27:03Z,369.9,367.9,11.6,,,,,
1743,2022-06-23T11:27:06Z,369,366.8,11.55,,,,,
1744,2022-06-23T11:27:09Z,370.1,367.6,11.61,,,,,
1745,2022-06-23T11:27:12Z,370,367.9,11.61,,,,,
1746,2022-06-23T11:27:15Z,370.2,367.9,11.63,,,,,
1747,2022-06-23T11:27:18Z,370.3,368.3,11.62,,,,,
1748,2022-06-23T11:27:21Z,369.8,367.9,11.61,,,,,
1749,2022-06-23T11:27:24Z,370.3,368.3,11.67,,,,,
1750,2022-06-23T11:27:27Z,369.4,367.2,11.57,,,,,
1751,2022-06-23T11:27:30Z,369.3,367.2,11.55,,,,,
1752,2022-06-23T11:27:33Z,369,366.5,11.47,,,,,
1753,2022-06-23T11:27:36Z,368.6,366.5,11.45,,,,,
1754,2022-06-23T11:27:39Z,368.6,366.1,11.44,,,,,
1755,2022-06-23T11:27:42Z,368.6,366.1,11.43,,,,,
1756,2022-06-23T11:27:45Z,368.8,366.1,11.44,,,,,
1757,2022-06-23T11:27:48Z,368.5,366.1,11.44,,,,,
1758,2022-06-23T11:27:51Z,368.5,366.1,11.43,,,,,
1759,2022-06-23T11:27:54Z,368.5,366.1,11.41,,,,,
1760,2022-06-23T11:27:57Z,368.5,366.1,11.43,,,,,
1761,2022-06-23T11:28:00Z,368.3,366.1,11.41,,,,,
1762,2022-06-23T11:28:03Z,368.4,366.1,11.4,,,,,
1763,2022-06-23T11:28:06Z,368.4,366.1,11.4,,,,,
1764,2022-06-23T11:28:09Z,368.3,365.8,11.4,,,,,
1765,2022-06-23T11:28:12Z,368.2,365.8,11.38,,,,,
1766,2022-06-23T11:28:15Z,368.1,365.8,11.39,,,,,
1767,2022-06-23T11:28:18Z,368.4,366.1,11.41,,,,,
1768,2022-06-23T11:28:21Z,368.3,365.8,11.38,,,,,
1769,2022-06-23T11:28:24Z,368.1,365.8,11.39,,,,,
1770,2022-06-23T11:28:27Z,368.2,366.1,11.4,,,,,
1771,2022-06-23T11:28:30Z,368.4,366.1,11.41,,,,,
1772,2022-06-23T11:28:33Z,368.4,365.8,11.4,,,,,
1773,2022-06-23T11:28:36Z,368.4,366.1,11.41,,,,,
1774,2022-06-23T11:28:39Z,368.4,366.1,11.44,,,,,
1775,2022-06-23T11:28:42Z,368.4,365.7,11.44,,,,,
1776,2022-06-23T11:28:45Z,368.3,365.8,11.41,,,,,
1777,2022-06-23T11:28:48Z,368.6,366.1,11.47,,,,,
1778,2022-06-23T11:28:51Z,369.4,367.2,11.52,,,,,
1779,2022-06-23T11:28:54Z,368.5,366.1,11.46,,,,,
1780,2022-06-23T11:28:57Z,368.7,366.5,11.5,,,,,
1781,2022-06-23T11:29:00Z,368.3,366.1,11.49,,,,,
1782,2022-06-23T11:29:03Z,368.3,366.1,11.46,,,,,
1783,2022-06-23T11:29:06Z,368.8,366.5,11.5,,,,,
1784,2022-06-23T11:29:09Z,368.8,366.5,11.5,,,,,
1785,2022-06-23T11:29:12Z,369.1,367.2,11.52,,,,,
1786,2022-06-23T11:29:15Z,368.8,366.5,11.49,,,,,
1787,2022-06-23T11:29:18Z,368.6,366.1,11.47,,,,,
1788,2022-06-23T11:29:21Z,368.5,366.1,11.46,,,,,
1789,2022-06-23T11:29:24Z,368.6,366.1,11.46,,,,,
1790,2022-06-23T11:29:27Z,368.6,366.1,11.45,,,,,
1791,2022-06-23T11:29:30Z,368.3,366.1,11.45,,,,,
1792,2022-06-23T11:29:33Z,368.6,366.1,11.46,,,,,
1793,2022-06-23T11:29:36Z,368.4,365.7,11.45,,,,,
1794,2022-06-23T11:29:39Z,368.2,365.8,11.43,,,,,
1795,2022-06-23T11:29:42Z,368,365.8,11.41,,,,,
1796,2022-06-23T11:29:45Z,368.1,365.8,11.43,,,,,
1797,2022-06-23T11:29:48Z,368.1,365.8,11.41,,,,,
1798,2022-06-23T11:29:51Z,368.6,366.1,11.49,,,,,
1799,2022-06-23T11:29:54Z,368.6,366.5,11.49,,,,,
1800,2022-06-23T11:29:57Z,367.8,365.4,11.4,,,,,
1801,2022-06-23T11:30:00Z,368.3,366.1,11.47,,,,,
1802,2022-06-23T11:30:03Z,368.1,365.7,11.44,,,,,
1803,2022-06-23T11:30:06Z,368.6,366.1,11.47,,,,,
1804,2022-06-23T11:30:09Z,369,366.8,11.53,,,,,
1805,2022-06-23T11:30:12Z,368.8,366.8,11.56,,,,,
1806,2022-06-23T11:30:15Z,369.2,367.2,11.61,,,,,
1807,2022-06-23T11:30:18Z,369.8,367.2,11.63,,,,,
1808,2022-06-23T11:30:21Z,369.4,367.2,11.61,,,,,
1809,2022-06-23T11:30:24Z,369.5,367.2,11.6,,,,,
1810,2022-06-23T11:30:27Z,369,366.8,11.6,,,,,
1811,2022-06-23T11:30:30Z,368.8,366.5,11.53,,,,,
1812,2022-06-23T11:30:33Z,368.6,366.1,11.52,,,,,
1813,2022-06-23T11:30:36Z,369.3,367.2,11.55,,,,,
1814,2022-06-23T11:30:39Z,369.2,366.8,11.57,,,,,
1815,2022-06-23T11:30:42Z,368.3,366.1,11.46,,,,,
1816,2022-06-23T11:30:45Z,368.1,365.7,11.45,,,,,
1817,2022-06-23T11:30:48Z,368.2,365.7,11.46,,,,,
1818,2022-06-23T11:30:51Z,368.5,366.1,11.49,,,,,
1819,2022-06-23T11:30:54Z,368.6,366.1,11.47,,,,,
1820,2022-06-23T11:30:57Z,368.3,366.1,11.45,,,,,
1821,2022-06-23T11:31:00Z,368,365.4,11.41,,,,,
1822,2022-06-23T11:31:03Z,368.1,365.8,11.4,,,,,
1823,2022-06-23T11:31:06Z,367.8,365.4,11.39,,,,,
1824,2022-06-23T11:31:09Z,367.9,365.4,11.41,,,,,
1825,2022-06-23T11:31:12Z,367.6,365.4,11.38,,,,,
1826,2022-06-23T11:31:15Z,367.8,365.4,11.38,,,,,
1827,2022-06-23T11:31:18Z,367.6,365.4,11.38,,,,,
1828,2022-06-23T11:31:21Z,367.6,365.4,11.38,,,,,
1829,2022-06-23T11:31:24Z,367.6,365.4,11.38,,,,,
1830,2022-06-23T11:31:27Z,367.6,365.4,11.36,,,,,
1831,2022-06-23T11:31:30Z,367.6,365.4,11.36,,,,,
1832,2022-06-23T11:31:33Z,367.6,365.4,11.38,,,,,
1833,2022-06-23T11:31:36Z,367.6,365.4,11.38,,,,,
1834,2022-06-23T11:31:39Z,367.6,365.4,11.38,,,,,
1835,2022-06-23T11:31:42Z,367.6,365.4,11.38,,,,,
1836,2022-06-23T11:31:45Z,367.6,365.4,11.38,,,,,
1837,2022-06-23T11:31:48Z,367.3,365,11.35,,,,,
1838,2022-06-23T11:31:51Z,367.3,365,11.35,,,,,
1839,2022-06-23T11:31:54Z,367.3,365,11.35,,,,,
1840,2022-06-23T11:31:57Z,367.4,365.4,11.34,,,,,
1841,2022-06-23T11:32:00Z,367.3,365,11.35,,,,,
1842,2022-06-23T11:32:03Z,367.4,365.4,11.35,,,,,
1843,2022-06-23T11:32:06Z,367.4,365.4,11.35,,,,,
1844,2022-06-23T11:32:09Z,367.4,365.4,11.35,,,,,
1845,2022-06-23T11:32:12Z,367.3,365,11.35,,,,,
1846,2022-06-23T11:32:15Z,367.4,365,11.36,,,,,
1847,2022-06-23T11:32:18Z,367.5,365,11.36,,,,,
1848,2022-06-23T11:32:21Z,367.3,365,11.35,,,,,
1849,2022-06-23T11:32:24Z,367.4,365.4,11.36,,,,,
1850,2022-06-23T11:32:27Z,367.3,365,11.34,,,,,
1851,2022-06-23T11:32:30Z,367.2,365,11.33,,,,,
1852,2022-06-23T11:32:33Z,367.1,365,11.32,,,,,
1853,2022-06-23T11:32:36Z,367.1,365,11.33,,,,,
1854,2022-06-23T11:32:39Z,367.2,365,11.34,,,,,
1855,2022-06-23T11:32:42Z,367.2,365.4,11.34,,,,,
1856,2022-06-23T11:32:45Z,367.1,365,11.33,,,,,
1857,2022-06-23T11:32:48Z,367.2,364.7,11.34,,,,,
1858,2022-06-23T11:32:51Z,367.3,365,11.35,,,,,
1859,2022-06-23T11:32:54Z,367.2,365,11.34,,,,,
1860,2022-06-23T11:32:57Z,367.1,365,11.33,,,,,
1861,2022-06-23T11:33:00Z,367.1,365,11.33,,,,,
1862,2022-06-23T11:33:03Z,367.1,365,11.32,,,,,
1863,2022-06-23T11:33:06Z,367.1,365,11.33,,,,,
1864,2022-06-23T11:33:09Z,367.1,364.7,11.33,,,,,
1865,2022-06-23T11:33:12Z,367.1,365,11.33,,,,,
1866,2022-06-23T11:33:15Z,367.1,364.3,11.33,,,,,
1867,2022-06-23T11:33:18Z,367.1,365,11.33,,,,,
1868,2022-06-23T11:33:21Z,367.3,365,11.33,,,,,
1869,2022-06-23T11:33:24Z,367.1,365,11.33,,,,,
1870,2022-06-23T11:33:27Z,367.1,365,11.33,,,,,
1871,2022-06-23T11:33:30Z,367.1,364.3,11.33,,,,,
1872,2022-06-23T11:33:33Z,367.1,365,11.33,,,,,
1873,2022-06-23T11:33:36Z,367.1,364.3,11.33,,,,,
1874,2022-06-23T11:33:39Z,367.1,364.7,11.32,,,,,
1875,2022-06-23T11:33:42Z,367.1,364.7,11.33,,,,,
1876,2022-06-23T11:33:45Z,367.1,364.7,11.33,,,,,
1877,2022-06-23T11:33:48Z,366.9,364.7,11.32,,,,,
1878,2022-06-23T11:33:51Z,366.9,364.3,11.32,,,,,
1879,2022-06-23T11:33:54Z,366.9,364.3,11.32,,,,,
1880,2022-06-23T11:33:57Z,367,364.3,11.3,,,,,
1881,2022-06-23T11:34:00Z,367,365,11.32,,,,,
1882,2022-06-23T11:34:03Z,366.9,364.3,11.32,,,,,
1883,2022-06-23T11:34:06Z,366.9,365,11.32,,,,,
1884,2022-06-23T11:34:09Z,366.9,365,11.32,,,,,
1885,2022-06-23T11:34:12Z,366.9,364.3,11.3,,,,,
1886,2022-06-23T11:34:15Z,367.1,364.7,11.32,,,,,
1887,2022-06-23T11:34:18Z,367.1,364.7,11.32,,,,,
1888,2022-06-23T11:34:21Z,366.8,364.3,11.32,,,,,
1889,2022-06-23T11:34:24Z,367,365,11.34,,,,,
1890,2022-06-23T11:34:27Z,367,365,11.32,,,,,
1891,2022-06-23T11:34:30Z,366.8,364.3,11.32,,,,,
1892,2022-06-23T11:34:33Z,367,364.3,11.32,,,,,
1893,2022-06-23T11:34:36Z,367,364.3,11.33,,,,,
1894,2022-06-23T11:34:39Z,367,364.3,11.33,,,,,
1895,2022-06-23T11:34:42Z,366.8,364.3,11.32,,,,,
1896,2022-06-23T11:34:45Z,366.9,364.3,11.32,,,,,
1897,2022-06-23T11:34:48Z,366.8,364.3,11.3,,,,,
1898,2022-06-23T11:34:51Z,366.9,364.7,11.3,,,,,
1899,2022-06-23T11:34:54Z,366.8,364.3,11.3,,,,,
1900,2022-06-23T11:34:57Z,366.9,364.3,11.3,,,,,
1901,2022-06-23T11:35:00Z,366.7,364.7,11.3,,,,,
1902,2022-06-23T11:35:03Z,366.8,364.3,11.3,,,,,
1903,2022-06-23T11:35:06Z,366.8,364.3,11.29,,,,,
1904,2022-06-23T11:35:09Z,366.6,364.3,11.29,,,,,
1905,2022-06-23T11:35:12Z,366.7,364.7,11.29,,,,,
1906,2022-06-23T11:35:15Z,366.6,364.3,11.29,,,,,
1907,2022-06-23T11:35:18Z,366.8,364.3,11.29,,,,,
1908,2022-06-23T11:35:21Z,366.8,364.3,11.29,,,,,
1909,2022-06-23T11:35:24Z,366.8,364.3,11.3,,,,,
1910,2022-06-23T11:35:27Z,366.8,364.3,11.29,,,,,
1911,2022-06-23T11:35:30Z,366.8,364.3,11.3,,,,,
1912,2022-06-23T11:35:33Z,366.8,364.3,11.32,,,,,
1913,2022-06-23T11:35:36Z,366.8,364.3,11.3,,,,,
1914,2022-06-23T11:35:39Z,366.7,364.3,11.3,,,,,
1915,2022-06-23T11:35:42Z,366.7,364.3,11.3,,,,,
1916,2022-06-23T11:35:45Z,366.4,364.3,11.28,,,,,
1917,2022-06-23T11:35:48Z,366.7,364.3,11.29,,,,,
1918,2022-06-23T11:35:51Z,366.6,364.3,11.28,,,,,
1919,2022-06-23T11:35:54Z,366.6,364.3,11.28,,,,,
1920,2022-06-23T11:35:57Z,366.6,364.3,11.28,,,,,
1921,2022-06-23T11:36:00Z,366.4,364.3,11.28,,,,,
1922,2022-06-23T11:36:03Z,366.6,364.3,11.28,,,,,
1923,2022-06-23T11:36:06Z,366.6,364.3,11.28,,,,,
1924,2022-06-23T11:36:09Z,366.6,364.3,11.28,,,,,
1925,2022-06-23T11:36:12Z,366.6,364.3,11.28,,,,,
1926,2022-06-23T11:36:15Z,366.4,364.3,11.28,,,,,
1927,2022-06-23T11:36:18Z,366.6,364.3,11.29,,,,,
1928,2022-06-23T11:36:21Z,366.6,364.3,11.28,,,,,
1929,2022-06-23T11:36:24Z,366.6,364.3,11.28,,,,,
1930,2022-06-23T11:36:27Z,366.6,364.3,11.29,,,,,
1931,2022-06-23T11:36:30Z,366.7,364.3,11.29,,,,,
1932,2022-06-23T11:36:33Z,366.4,364.3,11.28,,,,,
1933,2022-06-23T11:36:36Z,366.6,364.3,11.29,,,,,
1934,2022-06-23T11:36:39Z,366.3,364.3,11.28,,,,,
1935,2022-06-23T11:36:42Z,366.6,364.3,11.28,,,,,
1936,2022-06-23T11:36:45Z,366.6,364.3,11.29,,,,,
1937,2022-06-23T11:36:48Z,366.4,364.3,11.28,,,,,
1938,2022-06-23T11:36:51Z,366.6,364.3,11.28,,,,,
1939,2022-06-23T11:36:54Z,366.6,364.3,11.28,,,,,
1940,2022-06-23T11:36:57Z,366.3,363.9,11.27,,,,,
1941,2022-06-23T11:37:00Z,366.4,364.3,11.29,,,,,
1942,2022-06-23T11:37:03Z,366.4,364.3,11.28,,,,,
1943,2022-06-23T11:37:06Z,366.2,364.3,11.27,,,,,
1944,2022-06-23T11:37:09Z,366.3,363.9,11.27,,,,,
1945,2022-06-23T11:37:12Z,366.3,364.3,11.27,,,,,
1946,2022-06-23T11:37:15Z,366.1,363.6,11.27,,,,,
1947,2022-06-23T11:37:18Z,366.3,364.3,11.27,,,,,
1948,2022-06-23T11:37:21Z,366.3,364.3,11.27,,,,,
1949,2022-06-23T11:37:24Z,366.3,364.3,11.27,,,,,
1950,2022-06-23T11:37:27Z,366.2,363.9,11.27,,,,,
1951,2022-06-23T11:37:30Z,366.3,363.9,11.27,,,,,
1952,2022-06-23T11:37:33Z,366.2,363.9,11.27,,,,,
1953,2022-06-23T11:37:36Z,366.2,364.3,11.27,,,,,
1954,2022-06-23T11:37:39Z,366.1,364.3,11.27,,,,,
1955,2022-06-23T11:37:42Z,366.2,363.6,11.27,,,,,
1956,2022-06-23T11:37:45Z,366.1,363.9,11.26,,,,,
1957,2022-06-23T11:37:48Z,366,363.6,11.27,,,,,
1958,2022-06-23T11:37:51Z,366.2,363.6,11.27,,,,,
1959,2022-06-23T11:37:54Z,366,363.6,11.27,,,,,
1960,2022-06-23T11:37:57Z,365.8,363.6,11.26,,,,,
1961,2022-06-23T11:38:00Z,366,363.6,11.23,,,,,
1962,2022-06-23T11:38:03Z,42.4,39.7,11.28,,,,,
1963,2022-06-23T11:38:06Z,54.9,53,11.33,,,,,
1964,2022-06-23T11:38:09Z,62.1,59.6,11.36,,,,,
1965,2022-06-23T11:38:12Z,379.9,379.1,12.02,,,,,
1966,2022-06-23T11:38:15Z,31,27.5,12.91,,,,,
1967,2022-06-23T11:38:18Z,36.7,33.8,12.43,,,,,
1968,2022-06-23T11:38:21Z,42.7,40.4,12.32,,,,,
1969,2022-06-23T11:38:24Z,35,32.7,12.24,,,,,
1970,2022-06-23T11:38:27Z,37.2,34.5,12.2,,,,,
1971,2022-06-23T11:38:30Z,36.6,33.8,12.19,,,,,
1972,2022-06-23T11:38:33Z,35.1,32.3,12.14,,,,,
1973,2022-06-23T11:38:36Z,34.7,31.9,12.13,,,,,
1974,2022-06-23T11:38:39Z,35.9,33,12.27,,,,,
1975,2022-06-23T11:38:42Z,17.6,13.6,12.21,,,,,
1976,2022-06-23T11:38:45Z,17.3,13.9,12.1,,,,,
1977,2022-06-23T11:38:48Z,16.7,13.6,12.04,,,,,
1978,2022-06-23T11:38:51Z,16.7,13.6,12.02,,,,,
1979,2022-06-23T11:38:54Z,17.1,13.6,12.14,,,,,
1980,2022-06-23T11:38:57Z,17.4,14.3,12.41,,,,,
1981,2022-06-23T11:39:00Z,17.8,14.3,12.29,,,,,
1982,2022-06-23T11:39:03Z,18.7,15.4,12.21,,,,,
1983,2022-06-23T11:39:06Z,18.2,14.7,12.2,,,,,
1984,2022-06-23T11:39:09Z,18.4,15.4,12.17,,,,,
1985,2022-06-23T11:39:12Z,18.4,15,12.21,,,,,
1986,2022-06-23T11:39:15Z,18.5,15,12.23,,,,,
1987,2022-06-23T11:39:18Z,18.4,15,12.24,,,,,
1988,2022-06-23T11:39:21Z,18.4,15,12.26,,,,,
1989,2022-06-23T11:39:24Z,18.4,14.7,12.27,,,,,
1990,2022-06-23T11:39:27Z,18.4,15,12.3,,,,,
1991,2022-06-23T11:39:30Z,18.4,15.4,12.31,,,,,
1992,2022-06-23T11:39:33Z,18.4,14.7,12.32,,,,,
1993,2022-06-23T11:39:36Z,18.4,15,12.34,,,,,
1994,2022-06-23T11:39:39Z,18.4,14.7,12.34,,,,,
1995,2022-06-23T11:39:42Z,19.3,16.1,12.35,,,,,
1996,2022-06-23T11:39:45Z,19.1,15.4,12.37,,,,,
1997,2022-06-23T11:39:48Z,19.2,15.8,12.38,,,,,
1998,2022-06-23T11:39:51Z,19.2,16.1,12.41,,,,,
1999,2022-06-23T11:39:54Z,19.3,16.1,12.43,,,,,
2000,2022-06-23T11:39:57Z,18.9,15.4,12.57,,,,,
2001,2022-06-23T11:40:00Z,15.4,12.8,13.44,,,,,
2002,2022-06-23T11:40:03Z,21.1,19,13.21,,,,,
2003,2022-06-23T11:40:06Z,19.1,17.2,13.14,,,,,
2004,2022-06-23T11:40:09Z,19.1,16.8,13.09,,,,,
2005,2022-06-23T11:40:12Z,18.5,16.5,13.06,,,,,
2006,2022-06-23T11:40:15Z,24.4,21.6,13.17,,,,,
2007,2022-06-23T11:40:18Z,23.3,21.6,13.15,,,,,
2008,2022-06-23T11:40:19Z,,,,,Logged,,,
2009,2022-06-23T11:40:21Z,21.5,19.4,13.09,,,,,
2010,2022-06-23T11:40:24Z,19.2,16.8,13.08,,,,,
2011,2022-06-23T11:40:26Z,,,,,,Logged,,
2012,2022-06-23T11:40:27Z,19.3,16.8,13.06,,,,,
2013,2022-06-23T11:40:30Z,19.3,16.5,13.04,,,,,
2014,2022-06-23T11:40:33Z,19.3,16.8,13.08,,,,Logged,Logged